vehicle_id,vehicle_no,depot,hour,is_active,work_start,work_end,actual_work_hours,has_meal_time,has_break_time,service_area,depot_name
1,70보5601,향남차고지,0,False,13:00:00,22:00:00,8.0,True,False,INSIDE_ONLY,
1,70보5601,향남차고지,1,False,13:00:00,22:00:00,8.0,True,False,INSIDE_ONLY,
1,70보5601,향남차고지,2,False,13:00:00,22:00:00,8.0,True,False,INSIDE_ONLY,
1,70보5601,향남차고지,3,False,13:00:00,22:00:00,8.0,True,False,INSIDE_ONLY,
1,70보5601,향남차고지,4,False,13:00:00,22:00:00,8.0,True,False,INSIDE_ONLY,
1,70보5601,향남차고지,5,False,13:00:00,22:00:00,8.0,True,False,INSIDE_ONLY,
1,70보5601,향남차고지,6,False,13:00:00,22:00:00,8.0,True,False,INSIDE_ONLY,
1,70보5601,향남차고지,7,False,13:00:00,22:00:00,8.0,True,False,INSIDE_ONLY,
1,70보5601,향남차고지,8,False,13:00:00,22:00:00,8.0,True,False,INSIDE_ONLY,
1,70보5601,향남차고지,9,False,13:00:00,22:00:00,8.0,True,False,INSIDE_ONLY,
1,70보5601,향남차고지,10,False,13:00:00,22:00:00,8.0,True,False,INSIDE_ONLY,
1,70보5601,향남차고지,11,False,13:00:00,22:00:00,8.0,True,False,INSIDE_ONLY,
1,70보5601,향남차고지,12,False,13:00:00,22:00:00,8.0,True,False,INSIDE_ONLY,
1,70보5601,향남차고지,13,True,13:00:00,22:00:00,8.0,True,False,INSIDE_ONLY,
1,70보5601,향남차고지,14,True,13:00:00,22:00:00,8.0,True,False,INSIDE_ONLY,
1,70보5601,향남차고지,15,True,13:00:00,22:00:00,8.0,True,False,INSIDE_ONLY,
1,70보5601,향남차고지,16,True,13:00:00,22:00:00,8.0,True,False,INSIDE_ONLY,
1,70보5601,향남차고지,17,False,13:00:00,22:00:00,8.0,True,False,INSIDE_ONLY,
1,70보5601,향남차고지,18,True,13:00:00,22:00:00,8.0,True,False,INSIDE_ONLY,
1,70보5601,향남차고지,19,True,13:00:00,22:00:00,8.0,True,False,INSIDE_ONLY,
1,70보5601,향남차고지,20,True,13:00:00,22:00:00,8.0,True,False,INSIDE_ONLY,
1,70보5601,향남차고지,21,True,13:00:00,22:00:00,8.0,True,False,INSIDE_ONLY,
1,70보5601,향남차고지,22,True,13:00:00,22:00:00,8.0,True,False,INSIDE_ONLY,
1,70보5601,향남차고지,23,False,13:00:00,22:00:00,8.0,True,False,INSIDE_ONLY,
2,70보5602,병점차고지,0,False,13:00:00,22:00:00,8.0,True,False,INSIDE_ONLY,
2,70보5602,병점차고지,1,False,13:00:00,22:00:00,8.0,True,False,INSIDE_ONLY,
2,70보5602,병점차고지,2,False,13:00:00,22:00:00,8.0,True,False,INSIDE_ONLY,
2,70보5602,병점차고지,3,False,13:00:00,22:00:00,8.0,True,False,INSIDE_ONLY,
2,70보5602,병점차고지,4,False,13:00:00,22:00:00,8.0,True,False,INSIDE_ONLY,
2,70보5602,병점차고지,5,False,13:00:00,22:00:00,8.0,True,False,INSIDE_ONLY,
2,70보5602,병점차고지,6,False,13:00:00,22:00:00,8.0,True,False,INSIDE_ONLY,
2,70보5602,병점차고지,7,False,13:00:00,22:00:00,8.0,True,False,INSIDE_ONLY,
2,70보5602,병점차고지,8,False,13:00:00,22:00:00,8.0,True,False,INSIDE_ONLY,
2,70보5602,병점차고지,9,False,13:00:00,22:00:00,8.0,True,False,INSIDE_ONLY,
2,70보5602,병점차고지,10,False,13:00:00,22:00:00,8.0,True,False,INSIDE_ONLY,
2,70보5602,병점차고지,11,False,13:00:00,22:00:00,8.0,True,False,INSIDE_ONLY,
2,70보5602,병점차고지,12,False,13:00:00,22:00:00,8.0,True,False,INSIDE_ONLY,
2,70보5602,병점차고지,13,True,13:00:00,22:00:00,8.0,True,False,INSIDE_ONLY,
2,70보5602,병점차고지,14,True,13:00:00,22:00:00,8.0,True,False,INSIDE_ONLY,
2,70보5602,병점차고지,15,True,13:00:00,22:00:00,8.0,True,False,INSIDE_ONLY,
2,70보5602,병점차고지,16,True,13:00:00,22:00:00,8.0,True,False,INSIDE_ONLY,
2,70보5602,병점차고지,17,False,13:00:00,22:00:00,8.0,True,False,INSIDE_ONLY,
2,70보5602,병점차고지,18,True,13:00:00,22:00:00,8.0,True,False,INSIDE_ONLY,
2,70보5602,병점차고지,19,True,13:00:00,22:00:00,8.0,True,False,INSIDE_ONLY,
2,70보5602,병점차고지,20,True,13:00:00,22:00:00,8.0,True,False,INSIDE_ONLY,
2,70보5602,병점차고지,21,True,13:00:00,22:00:00,8.0,True,False,INSIDE_ONLY,
2,70보5602,병점차고지,22,True,13:00:00,22:00:00,8.0,True,False,INSIDE_ONLY,
2,70보5602,병점차고지,23,False,13:00:00,22:00:00,8.0,True,False,INSIDE_ONLY,
3,70보5603,,0,False,,,,,,INSIDE_ONLY,남양차고지
3,70보5603,,1,False,,,,,,INSIDE_ONLY,남양차고지
3,70보5603,,2,False,,,,,,INSIDE_ONLY,남양차고지
3,70보5603,,3,False,,,,,,INSIDE_ONLY,남양차고지
3,70보5603,,4,False,,,,,,INSIDE_ONLY,남양차고지
3,70보5603,,5,False,,,,,,INSIDE_ONLY,남양차고지
3,70보5603,,6,False,,,,,,INSIDE_ONLY,남양차고지
3,70보5603,,7,False,,,,,,INSIDE_ONLY,남양차고지
3,70보5603,,8,False,,,,,,INSIDE_ONLY,남양차고지
3,70보5603,,9,False,,,,,,INSIDE_ONLY,남양차고지
3,70보5603,,10,False,,,,,,INSIDE_ONLY,남양차고지
3,70보5603,,11,False,,,,,,INSIDE_ONLY,남양차고지
3,70보5603,,12,False,,,,,,INSIDE_ONLY,남양차고지
3,70보5603,,13,False,,,,,,INSIDE_ONLY,남양차고지
3,70보5603,,14,False,,,,,,INSIDE_ONLY,남양차고지
3,70보5603,,15,False,,,,,,INSIDE_ONLY,남양차고지
3,70보5603,,16,False,,,,,,INSIDE_ONLY,남양차고지
3,70보5603,,17,False,,,,,,INSIDE_ONLY,남양차고지
3,70보5603,,18,False,,,,,,INSIDE_ONLY,남양차고지
3,70보5603,,19,False,,,,,,INSIDE_ONLY,남양차고지
3,70보5603,,20,False,,,,,,INSIDE_ONLY,남양차고지
3,70보5603,,21,False,,,,,,INSIDE_ONLY,남양차고지
3,70보5603,,22,False,,,,,,INSIDE_ONLY,남양차고지
3,70보5603,,23,False,,,,,,INSIDE_ONLY,남양차고지
4,70보5604,,0,False,,,,,,INSIDE_ONLY,동탄차고지
4,70보5604,,1,False,,,,,,INSIDE_ONLY,동탄차고지
4,70보5604,,2,False,,,,,,INSIDE_ONLY,동탄차고지
4,70보5604,,3,False,,,,,,INSIDE_ONLY,동탄차고지
4,70보5604,,4,False,,,,,,INSIDE_ONLY,동탄차고지
4,70보5604,,5,False,,,,,,INSIDE_ONLY,동탄차고지
4,70보5604,,6,False,,,,,,INSIDE_ONLY,동탄차고지
4,70보5604,,7,False,,,,,,INSIDE_ONLY,동탄차고지
4,70보5604,,8,False,,,,,,INSIDE_ONLY,동탄차고지
4,70보5604,,9,False,,,,,,INSIDE_ONLY,동탄차고지
4,70보5604,,10,False,,,,,,INSIDE_ONLY,동탄차고지
4,70보5604,,11,False,,,,,,INSIDE_ONLY,동탄차고지
4,70보5604,,12,False,,,,,,INSIDE_ONLY,동탄차고지
4,70보5604,,13,False,,,,,,INSIDE_ONLY,동탄차고지
4,70보5604,,14,False,,,,,,INSIDE_ONLY,동탄차고지
4,70보5604,,15,False,,,,,,INSIDE_ONLY,동탄차고지
4,70보5604,,16,False,,,,,,INSIDE_ONLY,동탄차고지
4,70보5604,,17,False,,,,,,INSIDE_ONLY,동탄차고지
4,70보5604,,18,False,,,,,,INSIDE_ONLY,동탄차고지
4,70보5604,,19,False,,,,,,INSIDE_ONLY,동탄차고지
4,70보5604,,20,False,,,,,,INSIDE_ONLY,동탄차고지
4,70보5604,,21,False,,,,,,INSIDE_ONLY,동탄차고지
4,70보5604,,22,False,,,,,,INSIDE_ONLY,동탄차고지
4,70보5604,,23,False,,,,,,INSIDE_ONLY,동탄차고지
5,70보5607,동탄차고지,0,False,06:00:00,15:00:00,8.0,True,False,BOTH,
5,70보5607,동탄차고지,1,False,06:00:00,15:00:00,8.0,True,False,BOTH,
5,70보5607,동탄차고지,2,False,06:00:00,15:00:00,8.0,True,False,BOTH,
5,70보5607,동탄차고지,3,False,06:00:00,15:00:00,8.0,True,False,BOTH,
5,70보5607,동탄차고지,4,False,06:00:00,15:00:00,8.0,True,False,BOTH,
5,70보5607,동탄차고지,5,False,06:00:00,15:00:00,8.0,True,False,BOTH,
5,70보5607,동탄차고지,6,True,06:00:00,15:00:00,8.0,True,False,BOTH,
5,70보5607,동탄차고지,7,True,06:00:00,15:00:00,8.0,True,False,BOTH,
5,70보5607,동탄차고지,8,True,06:00:00,15:00:00,8.0,True,False,BOTH,
5,70보5607,동탄차고지,9,True,06:00:00,15:00:00,8.0,True,False,BOTH,
5,70보5607,동탄차고지,10,True,06:00:00,15:00:00,8.0,True,False,BOTH,
5,70보5607,동탄차고지,11,True,06:00:00,15:00:00,8.0,True,False,BOTH,
5,70보5607,동탄차고지,12,False,06:00:00,15:00:00,8.0,True,False,BOTH,
5,70보5607,동탄차고지,13,True,06:00:00,15:00:00,8.0,True,False,BOTH,
5,70보5607,동탄차고지,14,True,06:00:00,15:00:00,8.0,True,False,BOTH,
5,70보5607,동탄차고지,15,True,06:00:00,15:00:00,8.0,True,False,BOTH,
5,70보5607,동탄차고지,16,False,06:00:00,15:00:00,8.0,True,False,BOTH,
5,70보5607,동탄차고지,17,False,06:00:00,15:00:00,8.0,True,False,BOTH,
5,70보5607,동탄차고지,18,False,06:00:00,15:00:00,8.0,True,False,BOTH,
5,70보5607,동탄차고지,19,False,06:00:00,15:00:00,8.0,True,False,BOTH,
5,70보5607,동탄차고지,20,False,06:00:00,15:00:00,8.0,True,False,BOTH,
5,70보5607,동탄차고지,21,False,06:00:00,15:00:00,8.0,True,False,BOTH,
5,70보5607,동탄차고지,22,False,06:00:00,15:00:00,8.0,True,False,BOTH,
5,70보5607,동탄차고지,23,False,06:00:00,15:00:00,8.0,True,False,BOTH,
6,70보5610,향남차고지,0,False,06:00:00,15:00:00,8.0,True,False,BOTH,
6,70보5610,향남차고지,1,False,06:00:00,15:00:00,8.0,True,False,BOTH,
6,70보5610,향남차고지,2,False,06:00:00,15:00:00,8.0,True,False,BOTH,
6,70보5610,향남차고지,3,False,06:00:00,15:00:00,8.0,True,False,BOTH,
6,70보5610,향남차고지,4,False,06:00:00,15:00:00,8.0,True,False,BOTH,
6,70보5610,향남차고지,5,False,06:00:00,15:00:00,8.0,True,False,BOTH,
6,70보5610,향남차고지,6,True,06:00:00,15:00:00,8.0,True,False,BOTH,
6,70보5610,향남차고지,7,True,06:00:00,15:00:00,8.0,True,False,BOTH,
6,70보5610,향남차고지,8,True,06:00:00,15:00:00,8.0,True,False,BOTH,
6,70보5610,향남차고지,9,True,06:00:00,15:00:00,8.0,True,False,BOTH,
6,70보5610,향남차고지,10,True,06:00:00,15:00:00,8.0,True,False,BOTH,
6,70보5610,향남차고지,11,False,06:00:00,15:00:00,8.0,True,False,BOTH,
6,70보5610,향남차고지,12,True,06:00:00,15:00:00,8.0,True,False,BOTH,
6,70보5610,향남차고지,13,True,06:00:00,15:00:00,8.0,True,False,BOTH,
6,70보5610,향남차고지,14,True,06:00:00,15:00:00,8.0,True,False,BOTH,
6,70보5610,향남차고지,15,True,06:00:00,15:00:00,8.0,True,False,BOTH,
6,70보5610,향남차고지,16,False,06:00:00,15:00:00,8.0,True,False,BOTH,
6,70보5610,향남차고지,17,False,06:00:00,15:00:00,8.0,True,False,BOTH,
6,70보5610,향남차고지,18,False,06:00:00,15:00:00,8.0,True,False,BOTH,
6,70보5610,향남차고지,19,False,06:00:00,15:00:00,8.0,True,False,BOTH,
6,70보5610,향남차고지,20,False,06:00:00,15:00:00,8.0,True,False,BOTH,
6,70보5610,향남차고지,21,False,06:00:00,15:00:00,8.0,True,False,BOTH,
6,70보5610,향남차고지,22,False,06:00:00,15:00:00,8.0,True,False,BOTH,
6,70보5610,향남차고지,23,False,06:00:00,15:00:00,8.0,True,False,BOTH,
7,70보5616,,0,False,,,,,,INSIDE_ONLY,동탄차고지
7,70보5616,,1,False,,,,,,INSIDE_ONLY,동탄차고지
7,70보5616,,2,False,,,,,,INSIDE_ONLY,동탄차고지
7,70보5616,,3,False,,,,,,INSIDE_ONLY,동탄차고지
7,70보5616,,4,False,,,,,,INSIDE_ONLY,동탄차고지
7,70보5616,,5,False,,,,,,INSIDE_ONLY,동탄차고지
7,70보5616,,6,False,,,,,,INSIDE_ONLY,동탄차고지
7,70보5616,,7,False,,,,,,INSIDE_ONLY,동탄차고지
7,70보5616,,8,False,,,,,,INSIDE_ONLY,동탄차고지
7,70보5616,,9,False,,,,,,INSIDE_ONLY,동탄차고지
7,70보5616,,10,False,,,,,,INSIDE_ONLY,동탄차고지
7,70보5616,,11,False,,,,,,INSIDE_ONLY,동탄차고지
7,70보5616,,12,False,,,,,,INSIDE_ONLY,동탄차고지
7,70보5616,,13,False,,,,,,INSIDE_ONLY,동탄차고지
7,70보5616,,14,False,,,,,,INSIDE_ONLY,동탄차고지
7,70보5616,,15,False,,,,,,INSIDE_ONLY,동탄차고지
7,70보5616,,16,False,,,,,,INSIDE_ONLY,동탄차고지
7,70보5616,,17,False,,,,,,INSIDE_ONLY,동탄차고지
7,70보5616,,18,False,,,,,,INSIDE_ONLY,동탄차고지
7,70보5616,,19,False,,,,,,INSIDE_ONLY,동탄차고지
7,70보5616,,20,False,,,,,,INSIDE_ONLY,동탄차고지
7,70보5616,,21,False,,,,,,INSIDE_ONLY,동탄차고지
7,70보5616,,22,False,,,,,,INSIDE_ONLY,동탄차고지
7,70보5616,,23,False,,,,,,INSIDE_ONLY,동탄차고지
8,70보5630,남양차고지,0,False,08:00:00,17:00:00,8.0,True,False,BOTH,
8,70보5630,남양차고지,1,False,08:00:00,17:00:00,8.0,True,False,BOTH,
8,70보5630,남양차고지,2,False,08:00:00,17:00:00,8.0,True,False,BOTH,
8,70보5630,남양차고지,3,False,08:00:00,17:00:00,8.0,True,False,BOTH,
8,70보5630,남양차고지,4,False,08:00:00,17:00:00,8.0,True,False,BOTH,
8,70보5630,남양차고지,5,False,08:00:00,17:00:00,8.0,True,False,BOTH,
8,70보5630,남양차고지,6,False,08:00:00,17:00:00,8.0,True,False,BOTH,
8,70보5630,남양차고지,7,False,08:00:00,17:00:00,8.0,True,False,BOTH,
8,70보5630,남양차고지,8,True,08:00:00,17:00:00,8.0,True,False,BOTH,
8,70보5630,남양차고지,9,True,08:00:00,17:00:00,8.0,True,False,BOTH,
8,70보5630,남양차고지,10,True,08:00:00,17:00:00,8.0,True,False,BOTH,
8,70보5630,남양차고지,11,True,08:00:00,17:00:00,8.0,True,False,BOTH,
8,70보5630,남양차고지,12,False,08:00:00,17:00:00,8.0,True,False,BOTH,
8,70보5630,남양차고지,13,True,08:00:00,17:00:00,8.0,True,False,BOTH,
8,70보5630,남양차고지,14,True,08:00:00,17:00:00,8.0,True,False,BOTH,
8,70보5630,남양차고지,15,True,08:00:00,17:00:00,8.0,True,False,BOTH,
8,70보5630,남양차고지,16,True,08:00:00,17:00:00,8.0,True,False,BOTH,
8,70보5630,남양차고지,17,True,08:00:00,17:00:00,8.0,True,False,BOTH,
8,70보5630,남양차고지,18,False,08:00:00,17:00:00,8.0,True,False,BOTH,
8,70보5630,남양차고지,19,False,08:00:00,17:00:00,8.0,True,False,BOTH,
8,70보5630,남양차고지,20,False,08:00:00,17:00:00,8.0,True,False,BOTH,
8,70보5630,남양차고지,21,False,08:00:00,17:00:00,8.0,True,False,BOTH,
8,70보5630,남양차고지,22,False,08:00:00,17:00:00,8.0,True,False,BOTH,
8,70보5630,남양차고지,23,False,08:00:00,17:00:00,8.0,True,False,BOTH,
9,70우6250,동탄차고지,0,False,08:00:00,17:00:00,8.0,True,False,BOTH,
9,70우6250,동탄차고지,1,False,08:00:00,17:00:00,8.0,True,False,BOTH,
9,70우6250,동탄차고지,2,False,08:00:00,17:00:00,8.0,True,False,BOTH,
9,70우6250,동탄차고지,3,False,08:00:00,17:00:00,8.0,True,False,BOTH,
9,70우6250,동탄차고지,4,False,08:00:00,17:00:00,8.0,True,False,BOTH,
9,70우6250,동탄차고지,5,False,08:00:00,17:00:00,8.0,True,False,BOTH,
9,70우6250,동탄차고지,6,False,08:00:00,17:00:00,8.0,True,False,BOTH,
9,70우6250,동탄차고지,7,False,08:00:00,17:00:00,8.0,True,False,BOTH,
9,70우6250,동탄차고지,8,True,08:00:00,17:00:00,8.0,True,False,BOTH,
9,70우6250,동탄차고지,9,True,08:00:00,17:00:00,8.0,True,False,BOTH,
9,70우6250,동탄차고지,10,True,08:00:00,17:00:00,8.0,True,False,BOTH,
9,70우6250,동탄차고지,11,True,08:00:00,17:00:00,8.0,True,False,BOTH,
9,70우6250,동탄차고지,12,False,08:00:00,17:00:00,8.0,True,False,BOTH,
9,70우6250,동탄차고지,13,True,08:00:00,17:00:00,8.0,True,False,BOTH,
9,70우6250,동탄차고지,14,True,08:00:00,17:00:00,8.0,True,False,BOTH,
9,70우6250,동탄차고지,15,True,08:00:00,17:00:00,8.0,True,False,BOTH,
9,70우6250,동탄차고지,16,True,08:00:00,17:00:00,8.0,True,False,BOTH,
9,70우6250,동탄차고지,17,True,08:00:00,17:00:00,8.0,True,False,BOTH,
9,70우6250,동탄차고지,18,False,08:00:00,17:00:00,8.0,True,False,BOTH,
9,70우6250,동탄차고지,19,False,08:00:00,17:00:00,8.0,True,False,BOTH,
9,70우6250,동탄차고지,20,False,08:00:00,17:00:00,8.0,True,False,BOTH,
9,70우6250,동탄차고지,21,False,08:00:00,17:00:00,8.0,True,False,BOTH,
9,70우6250,동탄차고지,22,False,08:00:00,17:00:00,8.0,True,False,BOTH,
9,70우6250,동탄차고지,23,False,08:00:00,17:00:00,8.0,True,False,BOTH,
10,70우6254,향남차고지,0,False,09:00:00,18:00:00,8.0,True,False,INSIDE_ONLY,
10,70우6254,향남차고지,1,False,09:00:00,18:00:00,8.0,True,False,INSIDE_ONLY,
10,70우6254,향남차고지,2,False,09:00:00,18:00:00,8.0,True,False,INSIDE_ONLY,
10,70우6254,향남차고지,3,False,09:00:00,18:00:00,8.0,True,False,INSIDE_ONLY,
10,70우6254,향남차고지,4,False,09:00:00,18:00:00,8.0,True,False,INSIDE_ONLY,
10,70우6254,향남차고지,5,False,09:00:00,18:00:00,8.0,True,False,INSIDE_ONLY,
10,70우6254,향남차고지,6,False,09:00:00,18:00:00,8.0,True,False,INSIDE_ONLY,
10,70우6254,향남차고지,7,False,09:00:00,18:00:00,8.0,True,False,INSIDE_ONLY,
10,70우6254,향남차고지,8,False,09:00:00,18:00:00,8.0,True,False,INSIDE_ONLY,
10,70우6254,향남차고지,9,True,09:00:00,18:00:00,8.0,True,False,INSIDE_ONLY,
10,70우6254,향남차고지,10,True,09:00:00,18:00:00,8.0,True,False,INSIDE_ONLY,
10,70우6254,향남차고지,11,True,09:00:00,18:00:00,8.0,True,False,INSIDE_ONLY,
10,70우6254,향남차고지,12,True,09:00:00,18:00:00,8.0,True,False,INSIDE_ONLY,
10,70우6254,향남차고지,13,False,09:00:00,18:00:00,8.0,True,False,INSIDE_ONLY,
10,70우6254,향남차고지,14,True,09:00:00,18:00:00,8.0,True,False,INSIDE_ONLY,
10,70우6254,향남차고지,15,True,09:00:00,18:00:00,8.0,True,False,INSIDE_ONLY,
10,70우6254,향남차고지,16,True,09:00:00,18:00:00,8.0,True,False,INSIDE_ONLY,
10,70우6254,향남차고지,17,True,09:00:00,18:00:00,8.0,True,False,INSIDE_ONLY,
10,70우6254,향남차고지,18,True,09:00:00,18:00:00,8.0,True,False,INSIDE_ONLY,
10,70우6254,향남차고지,19,False,09:00:00,18:00:00,8.0,True,False,INSIDE_ONLY,
10,70우6254,향남차고지,20,False,09:00:00,18:00:00,8.0,True,False,INSIDE_ONLY,
10,70우6254,향남차고지,21,False,09:00:00,18:00:00,8.0,True,False,INSIDE_ONLY,
10,70우6254,향남차고지,22,False,09:00:00,18:00:00,8.0,True,False,INSIDE_ONLY,
10,70우6254,향남차고지,23,False,09:00:00,18:00:00,8.0,True,False,INSIDE_ONLY,
11,714머8614,동탄차고지,0,False,09:00:00,18:00:00,8.0,True,False,INSIDE_ONLY,
11,714머8614,동탄차고지,1,False,09:00:00,18:00:00,8.0,True,False,INSIDE_ONLY,
11,714머8614,동탄차고지,2,False,09:00:00,18:00:00,8.0,True,False,INSIDE_ONLY,
11,714머8614,동탄차고지,3,False,09:00:00,18:00:00,8.0,True,False,INSIDE_ONLY,
11,714머8614,동탄차고지,4,False,09:00:00,18:00:00,8.0,True,False,INSIDE_ONLY,
11,714머8614,동탄차고지,5,False,09:00:00,18:00:00,8.0,True,False,INSIDE_ONLY,
11,714머8614,동탄차고지,6,False,09:00:00,18:00:00,8.0,True,False,INSIDE_ONLY,
11,714머8614,동탄차고지,7,False,09:00:00,18:00:00,8.0,True,False,INSIDE_ONLY,
11,714머8614,동탄차고지,8,False,09:00:00,18:00:00,8.0,True,False,INSIDE_ONLY,
11,714머8614,동탄차고지,9,True,09:00:00,18:00:00,8.0,True,False,INSIDE_ONLY,
11,714머8614,동탄차고지,10,True,09:00:00,18:00:00,8.0,True,False,INSIDE_ONLY,
11,714머8614,동탄차고지,11,True,09:00:00,18:00:00,8.0,True,False,INSIDE_ONLY,
11,714머8614,동탄차고지,12,True,09:00:00,18:00:00,8.0,True,False,INSIDE_ONLY,
11,714머8614,동탄차고지,13,False,09:00:00,18:00:00,8.0,True,False,INSIDE_ONLY,
11,714머8614,동탄차고지,14,True,09:00:00,18:00:00,8.0,True,False,INSIDE_ONLY,
11,714머8614,동탄차고지,15,True,09:00:00,18:00:00,8.0,True,False,INSIDE_ONLY,
11,714머8614,동탄차고지,16,True,09:00:00,18:00:00,8.0,True,False,INSIDE_ONLY,
11,714머8614,동탄차고지,17,True,09:00:00,18:00:00,8.0,True,False,INSIDE_ONLY,
11,714머8614,동탄차고지,18,True,09:00:00,18:00:00,8.0,True,False,INSIDE_ONLY,
11,714머8614,동탄차고지,19,False,09:00:00,18:00:00,8.0,True,False,INSIDE_ONLY,
11,714머8614,동탄차고지,20,False,09:00:00,18:00:00,8.0,True,False,INSIDE_ONLY,
11,714머8614,동탄차고지,21,False,09:00:00,18:00:00,8.0,True,False,INSIDE_ONLY,
11,714머8614,동탄차고지,22,False,09:00:00,18:00:00,8.0,True,False,INSIDE_ONLY,
11,714머8614,동탄차고지,23,False,09:00:00,18:00:00,8.0,True,False,INSIDE_ONLY,
12,714머8632,,0,False,,,,,,BOTH,동탄차고지
12,714머8632,,1,False,,,,,,BOTH,동탄차고지
12,714머8632,,2,False,,,,,,BOTH,동탄차고지
12,714머8632,,3,False,,,,,,BOTH,동탄차고지
12,714머8632,,4,False,,,,,,BOTH,동탄차고지
12,714머8632,,5,False,,,,,,BOTH,동탄차고지
12,714머8632,,6,False,,,,,,BOTH,동탄차고지
12,714머8632,,7,False,,,,,,BOTH,동탄차고지
12,714머8632,,8,False,,,,,,BOTH,동탄차고지
12,714머8632,,9,False,,,,,,BOTH,동탄차고지
12,714머8632,,10,False,,,,,,BOTH,동탄차고지
12,714머8632,,11,False,,,,,,BOTH,동탄차고지
12,714머8632,,12,False,,,,,,BOTH,동탄차고지
12,714머8632,,13,False,,,,,,BOTH,동탄차고지
12,714머8632,,14,False,,,,,,BOTH,동탄차고지
12,714머8632,,15,False,,,,,,BOTH,동탄차고지
12,714머8632,,16,False,,,,,,BOTH,동탄차고지
12,714머8632,,17,False,,,,,,BOTH,동탄차고지
12,714머8632,,18,False,,,,,,BOTH,동탄차고지
12,714머8632,,19,False,,,,,,BOTH,동탄차고지
12,714머8632,,20,False,,,,,,BOTH,동탄차고지
12,714머8632,,21,False,,,,,,BOTH,동탄차고지
12,714머8632,,22,False,,,,,,BOTH,동탄차고지
12,714머8632,,23,False,,,,,,BOTH,동탄차고지
13,714머8648,,0,False,,,,,,INSIDE_ONLY,봉담차고지
13,714머8648,,1,False,,,,,,INSIDE_ONLY,봉담차고지
13,714머8648,,2,False,,,,,,INSIDE_ONLY,봉담차고지
13,714머8648,,3,False,,,,,,INSIDE_ONLY,봉담차고지
13,714머8648,,4,False,,,,,,INSIDE_ONLY,봉담차고지
13,714머8648,,5,False,,,,,,INSIDE_ONLY,봉담차고지
13,714머8648,,6,False,,,,,,INSIDE_ONLY,봉담차고지
13,714머8648,,7,False,,,,,,INSIDE_ONLY,봉담차고지
13,714머8648,,8,False,,,,,,INSIDE_ONLY,봉담차고지
13,714머8648,,9,False,,,,,,INSIDE_ONLY,봉담차고지
13,714머8648,,10,False,,,,,,INSIDE_ONLY,봉담차고지
13,714머8648,,11,False,,,,,,INSIDE_ONLY,봉담차고지
13,714머8648,,12,False,,,,,,INSIDE_ONLY,봉담차고지
13,714머8648,,13,False,,,,,,INSIDE_ONLY,봉담차고지
13,714머8648,,14,False,,,,,,INSIDE_ONLY,봉담차고지
13,714머8648,,15,False,,,,,,INSIDE_ONLY,봉담차고지
13,714머8648,,16,False,,,,,,INSIDE_ONLY,봉담차고지
13,714머8648,,17,False,,,,,,INSIDE_ONLY,봉담차고지
13,714머8648,,18,False,,,,,,INSIDE_ONLY,봉담차고지
13,714머8648,,19,False,,,,,,INSIDE_ONLY,봉담차고지
13,714머8648,,20,False,,,,,,INSIDE_ONLY,봉담차고지
13,714머8648,,21,False,,,,,,INSIDE_ONLY,봉담차고지
13,714머8648,,22,False,,,,,,INSIDE_ONLY,봉담차고지
13,714머8648,,23,False,,,,,,INSIDE_ONLY,봉담차고지
14,714머8651,,0,False,,,,,,BOTH,향남차고지
14,714머8651,,1,False,,,,,,BOTH,향남차고지
14,714머8651,,2,False,,,,,,BOTH,향남차고지
14,714머8651,,3,False,,,,,,BOTH,향남차고지
14,714머8651,,4,False,,,,,,BOTH,향남차고지
14,714머8651,,5,False,,,,,,BOTH,향남차고지
14,714머8651,,6,False,,,,,,BOTH,향남차고지
14,714머8651,,7,False,,,,,,BOTH,향남차고지
14,714머8651,,8,False,,,,,,BOTH,향남차고지
14,714머8651,,9,False,,,,,,BOTH,향남차고지
14,714머8651,,10,False,,,,,,BOTH,향남차고지
14,714머8651,,11,False,,,,,,BOTH,향남차고지
14,714머8651,,12,False,,,,,,BOTH,향남차고지
14,714머8651,,13,False,,,,,,BOTH,향남차고지
14,714머8651,,14,False,,,,,,BOTH,향남차고지
14,714머8651,,15,False,,,,,,BOTH,향남차고지
14,714머8651,,16,False,,,,,,BOTH,향남차고지
14,714머8651,,17,False,,,,,,BOTH,향남차고지
14,714머8651,,18,False,,,,,,BOTH,향남차고지
14,714머8651,,19,False,,,,,,BOTH,향남차고지
14,714머8651,,20,False,,,,,,BOTH,향남차고지
14,714머8651,,21,False,,,,,,BOTH,향남차고지
14,714머8651,,22,False,,,,,,BOTH,향남차고지
14,714머8651,,23,False,,,,,,BOTH,향남차고지
15,714머8653,,0,False,,,,,,INSIDE_ONLY,동탄차고지
15,714머8653,,1,False,,,,,,INSIDE_ONLY,동탄차고지
15,714머8653,,2,False,,,,,,INSIDE_ONLY,동탄차고지
15,714머8653,,3,False,,,,,,INSIDE_ONLY,동탄차고지
15,714머8653,,4,False,,,,,,INSIDE_ONLY,동탄차고지
15,714머8653,,5,False,,,,,,INSIDE_ONLY,동탄차고지
15,714머8653,,6,False,,,,,,INSIDE_ONLY,동탄차고지
15,714머8653,,7,False,,,,,,INSIDE_ONLY,동탄차고지
15,714머8653,,8,False,,,,,,INSIDE_ONLY,동탄차고지
15,714머8653,,9,False,,,,,,INSIDE_ONLY,동탄차고지
15,714머8653,,10,False,,,,,,INSIDE_ONLY,동탄차고지
15,714머8653,,11,False,,,,,,INSIDE_ONLY,동탄차고지
15,714머8653,,12,False,,,,,,INSIDE_ONLY,동탄차고지
15,714머8653,,13,False,,,,,,INSIDE_ONLY,동탄차고지
15,714머8653,,14,False,,,,,,INSIDE_ONLY,동탄차고지
15,714머8653,,15,False,,,,,,INSIDE_ONLY,동탄차고지
15,714머8653,,16,False,,,,,,INSIDE_ONLY,동탄차고지
15,714머8653,,17,False,,,,,,INSIDE_ONLY,동탄차고지
15,714머8653,,18,False,,,,,,INSIDE_ONLY,동탄차고지
15,714머8653,,19,False,,,,,,INSIDE_ONLY,동탄차고지
15,714머8653,,20,False,,,,,,INSIDE_ONLY,동탄차고지
15,714머8653,,21,False,,,,,,INSIDE_ONLY,동탄차고지
15,714머8653,,22,False,,,,,,INSIDE_ONLY,동탄차고지
15,714머8653,,23,False,,,,,,INSIDE_ONLY,동탄차고지
16,714머8656,향남차고지,0,False,06:00:00,15:00:00,8.0,True,False,INSIDE_ONLY,
16,714머8656,향남차고지,1,False,06:00:00,15:00:00,8.0,True,False,INSIDE_ONLY,
16,714머8656,향남차고지,2,False,06:00:00,15:00:00,8.0,True,False,INSIDE_ONLY,
16,714머8656,향남차고지,3,False,06:00:00,15:00:00,8.0,True,False,INSIDE_ONLY,
16,714머8656,향남차고지,4,False,06:00:00,15:00:00,8.0,True,False,INSIDE_ONLY,
16,714머8656,향남차고지,5,False,06:00:00,15:00:00,8.0,True,False,INSIDE_ONLY,
16,714머8656,향남차고지,6,True,06:00:00,15:00:00,8.0,True,False,INSIDE_ONLY,
16,714머8656,향남차고지,7,True,06:00:00,15:00:00,8.0,True,False,INSIDE_ONLY,
16,714머8656,향남차고지,8,True,06:00:00,15:00:00,8.0,True,False,INSIDE_ONLY,
16,714머8656,향남차고지,9,True,06:00:00,15:00:00,8.0,True,False,INSIDE_ONLY,
16,714머8656,향남차고지,10,True,06:00:00,15:00:00,8.0,True,False,INSIDE_ONLY,
16,714머8656,향남차고지,11,False,06:00:00,15:00:00,8.0,True,False,INSIDE_ONLY,
16,714머8656,향남차고지,12,True,06:00:00,15:00:00,8.0,True,False,INSIDE_ONLY,
16,714머8656,향남차고지,13,True,06:00:00,15:00:00,8.0,True,False,INSIDE_ONLY,
16,714머8656,향남차고지,14,True,06:00:00,15:00:00,8.0,True,False,INSIDE_ONLY,
16,714머8656,향남차고지,15,True,06:00:00,15:00:00,8.0,True,False,INSIDE_ONLY,
16,714머8656,향남차고지,16,False,06:00:00,15:00:00,8.0,True,False,INSIDE_ONLY,
16,714머8656,향남차고지,17,False,06:00:00,15:00:00,8.0,True,False,INSIDE_ONLY,
16,714머8656,향남차고지,18,False,06:00:00,15:00:00,8.0,True,False,INSIDE_ONLY,
16,714머8656,향남차고지,19,False,06:00:00,15:00:00,8.0,True,False,INSIDE_ONLY,
16,714머8656,향남차고지,20,False,06:00:00,15:00:00,8.0,True,False,INSIDE_ONLY,
16,714머8656,향남차고지,21,False,06:00:00,15:00:00,8.0,True,False,INSIDE_ONLY,
16,714머8656,향남차고지,22,False,06:00:00,15:00:00,8.0,True,False,INSIDE_ONLY,
16,714머8656,향남차고지,23,False,06:00:00,15:00:00,8.0,True,False,INSIDE_ONLY,
17,714머8660,병점차고지,0,False,10:00:00,19:00:00,8.0,True,False,BOTH,
17,714머8660,병점차고지,1,False,10:00:00,19:00:00,8.0,True,False,BOTH,
17,714머8660,병점차고지,2,False,10:00:00,19:00:00,8.0,True,False,BOTH,
17,714머8660,병점차고지,3,False,10:00:00,19:00:00,8.0,True,False,BOTH,
17,714머8660,병점차고지,4,False,10:00:00,19:00:00,8.0,True,False,BOTH,
17,714머8660,병점차고지,5,False,10:00:00,19:00:00,8.0,True,False,BOTH,
17,714머8660,병점차고지,6,False,10:00:00,19:00:00,8.0,True,False,BOTH,
17,714머8660,병점차고지,7,False,10:00:00,19:00:00,8.0,True,False,BOTH,
17,714머8660,병점차고지,8,False,10:00:00,19:00:00,8.0,True,False,BOTH,
17,714머8660,병점차고지,9,False,10:00:00,19:00:00,8.0,True,False,BOTH,
17,714머8660,병점차고지,10,True,10:00:00,19:00:00,8.0,True,False,BOTH,
17,714머8660,병점차고지,11,True,10:00:00,19:00:00,8.0,True,False,BOTH,
17,714머8660,병점차고지,12,True,10:00:00,19:00:00,8.0,True,False,BOTH,
17,714머8660,병점차고지,13,True,10:00:00,19:00:00,8.0,True,False,BOTH,
17,714머8660,병점차고지,14,False,10:00:00,19:00:00,8.0,True,False,BOTH,
17,714머8660,병점차고지,15,True,10:00:00,19:00:00,8.0,True,False,BOTH,
17,714머8660,병점차고지,16,True,10:00:00,19:00:00,8.0,True,False,BOTH,
17,714머8660,병점차고지,17,True,10:00:00,19:00:00,8.0,True,False,BOTH,
17,714머8660,병점차고지,18,True,10:00:00,19:00:00,8.0,True,False,BOTH,
17,714머8660,병점차고지,19,True,10:00:00,19:00:00,8.0,True,False,BOTH,
17,714머8660,병점차고지,20,False,10:00:00,19:00:00,8.0,True,False,BOTH,
17,714머8660,병점차고지,21,False,10:00:00,19:00:00,8.0,True,False,BOTH,
17,714머8660,병점차고지,22,False,10:00:00,19:00:00,8.0,True,False,BOTH,
17,714머8660,병점차고지,23,False,10:00:00,19:00:00,8.0,True,False,BOTH,
18,714머8662,병점차고지,0,False,08:00:00,17:00:00,8.0,True,False,INSIDE_ONLY,
18,714머8662,병점차고지,1,False,08:00:00,17:00:00,8.0,True,False,INSIDE_ONLY,
18,714머8662,병점차고지,2,False,08:00:00,17:00:00,8.0,True,False,INSIDE_ONLY,
18,714머8662,병점차고지,3,False,08:00:00,17:00:00,8.0,True,False,INSIDE_ONLY,
18,714머8662,병점차고지,4,False,08:00:00,17:00:00,8.0,True,False,INSIDE_ONLY,
18,714머8662,병점차고지,5,False,08:00:00,17:00:00,8.0,True,False,INSIDE_ONLY,
18,714머8662,병점차고지,6,False,08:00:00,17:00:00,8.0,True,False,INSIDE_ONLY,
18,714머8662,병점차고지,7,False,08:00:00,17:00:00,8.0,True,False,INSIDE_ONLY,
18,714머8662,병점차고지,8,True,08:00:00,17:00:00,8.0,True,False,INSIDE_ONLY,
18,714머8662,병점차고지,9,True,08:00:00,17:00:00,8.0,True,False,INSIDE_ONLY,
18,714머8662,병점차고지,10,True,08:00:00,17:00:00,8.0,True,False,INSIDE_ONLY,
18,714머8662,병점차고지,11,True,08:00:00,17:00:00,8.0,True,False,INSIDE_ONLY,
18,714머8662,병점차고지,12,False,08:00:00,17:00:00,8.0,True,False,INSIDE_ONLY,
18,714머8662,병점차고지,13,True,08:00:00,17:00:00,8.0,True,False,INSIDE_ONLY,
18,714머8662,병점차고지,14,True,08:00:00,17:00:00,8.0,True,False,INSIDE_ONLY,
18,714머8662,병점차고지,15,True,08:00:00,17:00:00,8.0,True,False,INSIDE_ONLY,
18,714머8662,병점차고지,16,True,08:00:00,17:00:00,8.0,True,False,INSIDE_ONLY,
18,714머8662,병점차고지,17,True,08:00:00,17:00:00,8.0,True,False,INSIDE_ONLY,
18,714머8662,병점차고지,18,False,08:00:00,17:00:00,8.0,True,False,INSIDE_ONLY,
18,714머8662,병점차고지,19,False,08:00:00,17:00:00,8.0,True,False,INSIDE_ONLY,
18,714머8662,병점차고지,20,False,08:00:00,17:00:00,8.0,True,False,INSIDE_ONLY,
18,714머8662,병점차고지,21,False,08:00:00,17:00:00,8.0,True,False,INSIDE_ONLY,
18,714머8662,병점차고지,22,False,08:00:00,17:00:00,8.0,True,False,INSIDE_ONLY,
18,714머8662,병점차고지,23,False,08:00:00,17:00:00,8.0,True,False,INSIDE_ONLY,
19,714머8663,,0,False,,,,,,BOTH,동탄차고지
19,714머8663,,1,False,,,,,,BOTH,동탄차고지
19,714머8663,,2,False,,,,,,BOTH,동탄차고지
19,714머8663,,3,False,,,,,,BOTH,동탄차고지
19,714머8663,,4,False,,,,,,BOTH,동탄차고지
19,714머8663,,5,False,,,,,,BOTH,동탄차고지
19,714머8663,,6,False,,,,,,BOTH,동탄차고지
19,714머8663,,7,False,,,,,,BOTH,동탄차고지
19,714머8663,,8,False,,,,,,BOTH,동탄차고지
19,714머8663,,9,False,,,,,,BOTH,동탄차고지
19,714머8663,,10,False,,,,,,BOTH,동탄차고지
19,714머8663,,11,False,,,,,,BOTH,동탄차고지
19,714머8663,,12,False,,,,,,BOTH,동탄차고지
19,714머8663,,13,False,,,,,,BOTH,동탄차고지
19,714머8663,,14,False,,,,,,BOTH,동탄차고지
19,714머8663,,15,False,,,,,,BOTH,동탄차고지
19,714머8663,,16,False,,,,,,BOTH,동탄차고지
19,714머8663,,17,False,,,,,,BOTH,동탄차고지
19,714머8663,,18,False,,,,,,BOTH,동탄차고지
19,714머8663,,19,False,,,,,,BOTH,동탄차고지
19,714머8663,,20,False,,,,,,BOTH,동탄차고지
19,714머8663,,21,False,,,,,,BOTH,동탄차고지
19,714머8663,,22,False,,,,,,BOTH,동탄차고지
19,714머8663,,23,False,,,,,,BOTH,동탄차고지
20,714머8664,봉담차고지,0,False,10:00:00,19:00:00,8.0,True,False,BOTH,
20,714머8664,봉담차고지,1,False,10:00:00,19:00:00,8.0,True,False,BOTH,
20,714머8664,봉담차고지,2,False,10:00:00,19:00:00,8.0,True,False,BOTH,
20,714머8664,봉담차고지,3,False,10:00:00,19:00:00,8.0,True,False,BOTH,
20,714머8664,봉담차고지,4,False,10:00:00,19:00:00,8.0,True,False,BOTH,
20,714머8664,봉담차고지,5,False,10:00:00,19:00:00,8.0,True,False,BOTH,
20,714머8664,봉담차고지,6,False,10:00:00,19:00:00,8.0,True,False,BOTH,
20,714머8664,봉담차고지,7,False,10:00:00,19:00:00,8.0,True,False,BOTH,
20,714머8664,봉담차고지,8,False,10:00:00,19:00:00,8.0,True,False,BOTH,
20,714머8664,봉담차고지,9,False,10:00:00,19:00:00,8.0,True,False,BOTH,
20,714머8664,봉담차고지,10,True,10:00:00,19:00:00,8.0,True,False,BOTH,
20,714머8664,봉담차고지,11,True,10:00:00,19:00:00,8.0,True,False,BOTH,
20,714머8664,봉담차고지,12,True,10:00:00,19:00:00,8.0,True,False,BOTH,
20,714머8664,봉담차고지,13,True,10:00:00,19:00:00,8.0,True,False,BOTH,
20,714머8664,봉담차고지,14,False,10:00:00,19:00:00,8.0,True,False,BOTH,
20,714머8664,봉담차고지,15,True,10:00:00,19:00:00,8.0,True,False,BOTH,
20,714머8664,봉담차고지,16,True,10:00:00,19:00:00,8.0,True,False,BOTH,
20,714머8664,봉담차고지,17,True,10:00:00,19:00:00,8.0,True,False,BOTH,
20,714머8664,봉담차고지,18,True,10:00:00,19:00:00,8.0,True,False,BOTH,
20,714머8664,봉담차고지,19,True,10:00:00,19:00:00,8.0,True,False,BOTH,
20,714머8664,봉담차고지,20,False,10:00:00,19:00:00,8.0,True,False,BOTH,
20,714머8664,봉담차고지,21,False,10:00:00,19:00:00,8.0,True,False,BOTH,
20,714머8664,봉담차고지,22,False,10:00:00,19:00:00,8.0,True,False,BOTH,
20,714머8664,봉담차고지,23,False,10:00:00,19:00:00,8.0,True,False,BOTH,
21,714머8669,동탄차고지,0,False,09:00:00,18:00:00,8.0,True,False,INSIDE_ONLY,
21,714머8669,동탄차고지,1,False,09:00:00,18:00:00,8.0,True,False,INSIDE_ONLY,
21,714머8669,동탄차고지,2,False,09:00:00,18:00:00,8.0,True,False,INSIDE_ONLY,
21,714머8669,동탄차고지,3,False,09:00:00,18:00:00,8.0,True,False,INSIDE_ONLY,
21,714머8669,동탄차고지,4,False,09:00:00,18:00:00,8.0,True,False,INSIDE_ONLY,
21,714머8669,동탄차고지,5,False,09:00:00,18:00:00,8.0,True,False,INSIDE_ONLY,
21,714머8669,동탄차고지,6,False,09:00:00,18:00:00,8.0,True,False,INSIDE_ONLY,
21,714머8669,동탄차고지,7,False,09:00:00,18:00:00,8.0,True,False,INSIDE_ONLY,
21,714머8669,동탄차고지,8,False,09:00:00,18:00:00,8.0,True,False,INSIDE_ONLY,
21,714머8669,동탄차고지,9,True,09:00:00,18:00:00,8.0,True,False,INSIDE_ONLY,
21,714머8669,동탄차고지,10,True,09:00:00,18:00:00,8.0,True,False,INSIDE_ONLY,
21,714머8669,동탄차고지,11,True,09:00:00,18:00:00,8.0,True,False,INSIDE_ONLY,
21,714머8669,동탄차고지,12,True,09:00:00,18:00:00,8.0,True,False,INSIDE_ONLY,
21,714머8669,동탄차고지,13,False,09:00:00,18:00:00,8.0,True,False,INSIDE_ONLY,
21,714머8669,동탄차고지,14,True,09:00:00,18:00:00,8.0,True,False,INSIDE_ONLY,
21,714머8669,동탄차고지,15,True,09:00:00,18:00:00,8.0,True,False,INSIDE_ONLY,
21,714머8669,동탄차고지,16,True,09:00:00,18:00:00,8.0,True,False,INSIDE_ONLY,
21,714머8669,동탄차고지,17,True,09:00:00,18:00:00,8.0,True,False,INSIDE_ONLY,
21,714머8669,동탄차고지,18,True,09:00:00,18:00:00,8.0,True,False,INSIDE_ONLY,
21,714머8669,동탄차고지,19,False,09:00:00,18:00:00,8.0,True,False,INSIDE_ONLY,
21,714머8669,동탄차고지,20,False,09:00:00,18:00:00,8.0,True,False,INSIDE_ONLY,
21,714머8669,동탄차고지,21,False,09:00:00,18:00:00,8.0,True,False,INSIDE_ONLY,
21,714머8669,동탄차고지,22,False,09:00:00,18:00:00,8.0,True,False,INSIDE_ONLY,
21,714머8669,동탄차고지,23,False,09:00:00,18:00:00,8.0,True,False,INSIDE_ONLY,
22,714머8671,향남차고지,0,False,10:00:00,19:00:00,8.0,True,False,BOTH,
22,714머8671,향남차고지,1,False,10:00:00,19:00:00,8.0,True,False,BOTH,
22,714머8671,향남차고지,2,False,10:00:00,19:00:00,8.0,True,False,BOTH,
22,714머8671,향남차고지,3,False,10:00:00,19:00:00,8.0,True,False,BOTH,
22,714머8671,향남차고지,4,False,10:00:00,19:00:00,8.0,True,False,BOTH,
22,714머8671,향남차고지,5,False,10:00:00,19:00:00,8.0,True,False,BOTH,
22,714머8671,향남차고지,6,False,10:00:00,19:00:00,8.0,True,False,BOTH,
22,714머8671,향남차고지,7,False,10:00:00,19:00:00,8.0,True,False,BOTH,
22,714머8671,향남차고지,8,False,10:00:00,19:00:00,8.0,True,False,BOTH,
22,714머8671,향남차고지,9,False,10:00:00,19:00:00,8.0,True,False,BOTH,
22,714머8671,향남차고지,10,True,10:00:00,19:00:00,8.0,True,False,BOTH,
22,714머8671,향남차고지,11,True,10:00:00,19:00:00,8.0,True,False,BOTH,
22,714머8671,향남차고지,12,True,10:00:00,19:00:00,8.0,True,False,BOTH,
22,714머8671,향남차고지,13,True,10:00:00,19:00:00,8.0,True,False,BOTH,
22,714머8671,향남차고지,14,False,10:00:00,19:00:00,8.0,True,False,BOTH,
22,714머8671,향남차고지,15,True,10:00:00,19:00:00,8.0,True,False,BOTH,
22,714머8671,향남차고지,16,True,10:00:00,19:00:00,8.0,True,False,BOTH,
22,714머8671,향남차고지,17,True,10:00:00,19:00:00,8.0,True,False,BOTH,
22,714머8671,향남차고지,18,True,10:00:00,19:00:00,8.0,True,False,BOTH,
22,714머8671,향남차고지,19,True,10:00:00,19:00:00,8.0,True,False,BOTH,
22,714머8671,향남차고지,20,False,10:00:00,19:00:00,8.0,True,False,BOTH,
22,714머8671,향남차고지,21,False,10:00:00,19:00:00,8.0,True,False,BOTH,
22,714머8671,향남차고지,22,False,10:00:00,19:00:00,8.0,True,False,BOTH,
22,714머8671,향남차고지,23,False,10:00:00,19:00:00,8.0,True,False,BOTH,
23,714머8673,,0,False,,,,,,BOTH,병점차고지
23,714머8673,,1,False,,,,,,BOTH,병점차고지
23,714머8673,,2,False,,,,,,BOTH,병점차고지
23,714머8673,,3,False,,,,,,BOTH,병점차고지
23,714머8673,,4,False,,,,,,BOTH,병점차고지
23,714머8673,,5,False,,,,,,BOTH,병점차고지
23,714머8673,,6,False,,,,,,BOTH,병점차고지
23,714머8673,,7,False,,,,,,BOTH,병점차고지
23,714머8673,,8,False,,,,,,BOTH,병점차고지
23,714머8673,,9,False,,,,,,BOTH,병점차고지
23,714머8673,,10,False,,,,,,BOTH,병점차고지
23,714머8673,,11,False,,,,,,BOTH,병점차고지
23,714머8673,,12,False,,,,,,BOTH,병점차고지
23,714머8673,,13,False,,,,,,BOTH,병점차고지
23,714머8673,,14,False,,,,,,BOTH,병점차고지
23,714머8673,,15,False,,,,,,BOTH,병점차고지
23,714머8673,,16,False,,,,,,BOTH,병점차고지
23,714머8673,,17,False,,,,,,BOTH,병점차고지
23,714머8673,,18,False,,,,,,BOTH,병점차고지
23,714머8673,,19,False,,,,,,BOTH,병점차고지
23,714머8673,,20,False,,,,,,BOTH,병점차고지
23,714머8673,,21,False,,,,,,BOTH,병점차고지
23,714머8673,,22,False,,,,,,BOTH,병점차고지
23,714머8673,,23,False,,,,,,BOTH,병점차고지
24,71머4610,,0,False,,,,,,INSIDE_ONLY,향남차고지
24,71머4610,,1,False,,,,,,INSIDE_ONLY,향남차고지
24,71머4610,,2,False,,,,,,INSIDE_ONLY,향남차고지
24,71머4610,,3,False,,,,,,INSIDE_ONLY,향남차고지
24,71머4610,,4,False,,,,,,INSIDE_ONLY,향남차고지
24,71머4610,,5,False,,,,,,INSIDE_ONLY,향남차고지
24,71머4610,,6,False,,,,,,INSIDE_ONLY,향남차고지
24,71머4610,,7,False,,,,,,INSIDE_ONLY,향남차고지
24,71머4610,,8,False,,,,,,INSIDE_ONLY,향남차고지
24,71머4610,,9,False,,,,,,INSIDE_ONLY,향남차고지
24,71머4610,,10,False,,,,,,INSIDE_ONLY,향남차고지
24,71머4610,,11,False,,,,,,INSIDE_ONLY,향남차고지
24,71머4610,,12,False,,,,,,INSIDE_ONLY,향남차고지
24,71머4610,,13,False,,,,,,INSIDE_ONLY,향남차고지
24,71머4610,,14,False,,,,,,INSIDE_ONLY,향남차고지
24,71머4610,,15,False,,,,,,INSIDE_ONLY,향남차고지
24,71머4610,,16,False,,,,,,INSIDE_ONLY,향남차고지
24,71머4610,,17,False,,,,,,INSIDE_ONLY,향남차고지
24,71머4610,,18,False,,,,,,INSIDE_ONLY,향남차고지
24,71머4610,,19,False,,,,,,INSIDE_ONLY,향남차고지
24,71머4610,,20,False,,,,,,INSIDE_ONLY,향남차고지
24,71머4610,,21,False,,,,,,INSIDE_ONLY,향남차고지
24,71머4610,,22,False,,,,,,INSIDE_ONLY,향남차고지
24,71머4610,,23,False,,,,,,INSIDE_ONLY,향남차고지
25,71머4612,,0,False,,,,,,BOTH,동탄차고지
25,71머4612,,1,False,,,,,,BOTH,동탄차고지
25,71머4612,,2,False,,,,,,BOTH,동탄차고지
25,71머4612,,3,False,,,,,,BOTH,동탄차고지
25,71머4612,,4,False,,,,,,BOTH,동탄차고지
25,71머4612,,5,False,,,,,,BOTH,동탄차고지
25,71머4612,,6,False,,,,,,BOTH,동탄차고지
25,71머4612,,7,False,,,,,,BOTH,동탄차고지
25,71머4612,,8,False,,,,,,BOTH,동탄차고지
25,71머4612,,9,False,,,,,,BOTH,동탄차고지
25,71머4612,,10,False,,,,,,BOTH,동탄차고지
25,71머4612,,11,False,,,,,,BOTH,동탄차고지
25,71머4612,,12,False,,,,,,BOTH,동탄차고지
25,71머4612,,13,False,,,,,,BOTH,동탄차고지
25,71머4612,,14,False,,,,,,BOTH,동탄차고지
25,71머4612,,15,False,,,,,,BOTH,동탄차고지
25,71머4612,,16,False,,,,,,BOTH,동탄차고지
25,71머4612,,17,False,,,,,,BOTH,동탄차고지
25,71머4612,,18,False,,,,,,BOTH,동탄차고지
25,71머4612,,19,False,,,,,,BOTH,동탄차고지
25,71머4612,,20,False,,,,,,BOTH,동탄차고지
25,71머4612,,21,False,,,,,,BOTH,동탄차고지
25,71머4612,,22,False,,,,,,BOTH,동탄차고지
25,71머4612,,23,False,,,,,,BOTH,동탄차고지
26,726도7208,,0,False,,,,,,INSIDE_ONLY,병점차고지
26,726도7208,,1,False,,,,,,INSIDE_ONLY,병점차고지
26,726도7208,,2,False,,,,,,INSIDE_ONLY,병점차고지
26,726도7208,,3,False,,,,,,INSIDE_ONLY,병점차고지
26,726도7208,,4,False,,,,,,INSIDE_ONLY,병점차고지
26,726도7208,,5,False,,,,,,INSIDE_ONLY,병점차고지
26,726도7208,,6,False,,,,,,INSIDE_ONLY,병점차고지
26,726도7208,,7,False,,,,,,INSIDE_ONLY,병점차고지
26,726도7208,,8,False,,,,,,INSIDE_ONLY,병점차고지
26,726도7208,,9,False,,,,,,INSIDE_ONLY,병점차고지
26,726도7208,,10,False,,,,,,INSIDE_ONLY,병점차고지
26,726도7208,,11,False,,,,,,INSIDE_ONLY,병점차고지
26,726도7208,,12,False,,,,,,INSIDE_ONLY,병점차고지
26,726도7208,,13,False,,,,,,INSIDE_ONLY,병점차고지
26,726도7208,,14,False,,,,,,INSIDE_ONLY,병점차고지
26,726도7208,,15,False,,,,,,INSIDE_ONLY,병점차고지
26,726도7208,,16,False,,,,,,INSIDE_ONLY,병점차고지
26,726도7208,,17,False,,,,,,INSIDE_ONLY,병점차고지
26,726도7208,,18,False,,,,,,INSIDE_ONLY,병점차고지
26,726도7208,,19,False,,,,,,INSIDE_ONLY,병점차고지
26,726도7208,,20,False,,,,,,INSIDE_ONLY,병점차고지
26,726도7208,,21,False,,,,,,INSIDE_ONLY,병점차고지
26,726도7208,,22,False,,,,,,INSIDE_ONLY,병점차고지
26,726도7208,,23,False,,,,,,INSIDE_ONLY,병점차고지
27,726도7242,,0,False,,,,,,BOTH,향남차고지
27,726도7242,,1,False,,,,,,BOTH,향남차고지
27,726도7242,,2,False,,,,,,BOTH,향남차고지
27,726도7242,,3,False,,,,,,BOTH,향남차고지
27,726도7242,,4,False,,,,,,BOTH,향남차고지
27,726도7242,,5,False,,,,,,BOTH,향남차고지
27,726도7242,,6,False,,,,,,BOTH,향남차고지
27,726도7242,,7,False,,,,,,BOTH,향남차고지
27,726도7242,,8,False,,,,,,BOTH,향남차고지
27,726도7242,,9,False,,,,,,BOTH,향남차고지
27,726도7242,,10,False,,,,,,BOTH,향남차고지
27,726도7242,,11,False,,,,,,BOTH,향남차고지
27,726도7242,,12,False,,,,,,BOTH,향남차고지
27,726도7242,,13,False,,,,,,BOTH,향남차고지
27,726도7242,,14,False,,,,,,BOTH,향남차고지
27,726도7242,,15,False,,,,,,BOTH,향남차고지
27,726도7242,,16,False,,,,,,BOTH,향남차고지
27,726도7242,,17,False,,,,,,BOTH,향남차고지
27,726도7242,,18,False,,,,,,BOTH,향남차고지
27,726도7242,,19,False,,,,,,BOTH,향남차고지
27,726도7242,,20,False,,,,,,BOTH,향남차고지
27,726도7242,,21,False,,,,,,BOTH,향남차고지
27,726도7242,,22,False,,,,,,BOTH,향남차고지
27,726도7242,,23,False,,,,,,BOTH,향남차고지
28,728루4726,,0,False,,,,,,INSIDE_ONLY,봉담차고지
28,728루4726,,1,False,,,,,,INSIDE_ONLY,봉담차고지
28,728루4726,,2,False,,,,,,INSIDE_ONLY,봉담차고지
28,728루4726,,3,False,,,,,,INSIDE_ONLY,봉담차고지
28,728루4726,,4,False,,,,,,INSIDE_ONLY,봉담차고지
28,728루4726,,5,False,,,,,,INSIDE_ONLY,봉담차고지
28,728루4726,,6,False,,,,,,INSIDE_ONLY,봉담차고지
28,728루4726,,7,False,,,,,,INSIDE_ONLY,봉담차고지
28,728루4726,,8,False,,,,,,INSIDE_ONLY,봉담차고지
28,728루4726,,9,False,,,,,,INSIDE_ONLY,봉담차고지
28,728루4726,,10,False,,,,,,INSIDE_ONLY,봉담차고지
28,728루4726,,11,False,,,,,,INSIDE_ONLY,봉담차고지
28,728루4726,,12,False,,,,,,INSIDE_ONLY,봉담차고지
28,728루4726,,13,False,,,,,,INSIDE_ONLY,봉담차고지
28,728루4726,,14,False,,,,,,INSIDE_ONLY,봉담차고지
28,728루4726,,15,False,,,,,,INSIDE_ONLY,봉담차고지
28,728루4726,,16,False,,,,,,INSIDE_ONLY,봉담차고지
28,728루4726,,17,False,,,,,,INSIDE_ONLY,봉담차고지
28,728루4726,,18,False,,,,,,INSIDE_ONLY,봉담차고지
28,728루4726,,19,False,,,,,,INSIDE_ONLY,봉담차고지
28,728루4726,,20,False,,,,,,INSIDE_ONLY,봉담차고지
28,728루4726,,21,False,,,,,,INSIDE_ONLY,봉담차고지
28,728루4726,,22,False,,,,,,INSIDE_ONLY,봉담차고지
28,728루4726,,23,False,,,,,,INSIDE_ONLY,봉담차고지
29,728루4728,,0,False,,,,,,BOTH,병점차고지
29,728루4728,,1,False,,,,,,BOTH,병점차고지
29,728루4728,,2,False,,,,,,BOTH,병점차고지
29,728루4728,,3,False,,,,,,BOTH,병점차고지
29,728루4728,,4,False,,,,,,BOTH,병점차고지
29,728루4728,,5,False,,,,,,BOTH,병점차고지
29,728루4728,,6,False,,,,,,BOTH,병점차고지
29,728루4728,,7,False,,,,,,BOTH,병점차고지
29,728루4728,,8,False,,,,,,BOTH,병점차고지
29,728루4728,,9,False,,,,,,BOTH,병점차고지
29,728루4728,,10,False,,,,,,BOTH,병점차고지
29,728루4728,,11,False,,,,,,BOTH,병점차고지
29,728루4728,,12,False,,,,,,BOTH,병점차고지
29,728루4728,,13,False,,,,,,BOTH,병점차고지
29,728루4728,,14,False,,,,,,BOTH,병점차고지
29,728루4728,,15,False,,,,,,BOTH,병점차고지
29,728루4728,,16,False,,,,,,BOTH,병점차고지
29,728루4728,,17,False,,,,,,BOTH,병점차고지
29,728루4728,,18,False,,,,,,BOTH,병점차고지
29,728루4728,,19,False,,,,,,BOTH,병점차고지
29,728루4728,,20,False,,,,,,BOTH,병점차고지
29,728루4728,,21,False,,,,,,BOTH,병점차고지
29,728루4728,,22,False,,,,,,BOTH,병점차고지
29,728루4728,,23,False,,,,,,BOTH,병점차고지
30,728루4735,,0,False,,,,,,INSIDE_ONLY,동탄차고지
30,728루4735,,1,False,,,,,,INSIDE_ONLY,동탄차고지
30,728루4735,,2,False,,,,,,INSIDE_ONLY,동탄차고지
30,728루4735,,3,False,,,,,,INSIDE_ONLY,동탄차고지
30,728루4735,,4,False,,,,,,INSIDE_ONLY,동탄차고지
30,728루4735,,5,False,,,,,,INSIDE_ONLY,동탄차고지
30,728루4735,,6,False,,,,,,INSIDE_ONLY,동탄차고지
30,728루4735,,7,False,,,,,,INSIDE_ONLY,동탄차고지
30,728루4735,,8,False,,,,,,INSIDE_ONLY,동탄차고지
30,728루4735,,9,False,,,,,,INSIDE_ONLY,동탄차고지
30,728루4735,,10,False,,,,,,INSIDE_ONLY,동탄차고지
30,728루4735,,11,False,,,,,,INSIDE_ONLY,동탄차고지
30,728루4735,,12,False,,,,,,INSIDE_ONLY,동탄차고지
30,728루4735,,13,False,,,,,,INSIDE_ONLY,동탄차고지
30,728루4735,,14,False,,,,,,INSIDE_ONLY,동탄차고지
30,728루4735,,15,False,,,,,,INSIDE_ONLY,동탄차고지
30,728루4735,,16,False,,,,,,INSIDE_ONLY,동탄차고지
30,728루4735,,17,False,,,,,,INSIDE_ONLY,동탄차고지
30,728루4735,,18,False,,,,,,INSIDE_ONLY,동탄차고지
30,728루4735,,19,False,,,,,,INSIDE_ONLY,동탄차고지
30,728루4735,,20,False,,,,,,INSIDE_ONLY,동탄차고지
30,728루4735,,21,False,,,,,,INSIDE_ONLY,동탄차고지
30,728루4735,,22,False,,,,,,INSIDE_ONLY,동탄차고지
30,728루4735,,23,False,,,,,,INSIDE_ONLY,동탄차고지
31,728루4736,봉담차고지,0,False,06:00:00,15:00:00,8.0,True,False,BOTH,
31,728루4736,봉담차고지,1,False,06:00:00,15:00:00,8.0,True,False,BOTH,
31,728루4736,봉담차고지,2,False,06:00:00,15:00:00,8.0,True,False,BOTH,
31,728루4736,봉담차고지,3,False,06:00:00,15:00:00,8.0,True,False,BOTH,
31,728루4736,봉담차고지,4,False,06:00:00,15:00:00,8.0,True,False,BOTH,
31,728루4736,봉담차고지,5,False,06:00:00,15:00:00,8.0,True,False,BOTH,
31,728루4736,봉담차고지,6,True,06:00:00,15:00:00,8.0,True,False,BOTH,
31,728루4736,봉담차고지,7,True,06:00:00,15:00:00,8.0,True,False,BOTH,
31,728루4736,봉담차고지,8,True,06:00:00,15:00:00,8.0,True,False,BOTH,
31,728루4736,봉담차고지,9,True,06:00:00,15:00:00,8.0,True,False,BOTH,
31,728루4736,봉담차고지,10,True,06:00:00,15:00:00,8.0,True,False,BOTH,
31,728루4736,봉담차고지,11,False,06:00:00,15:00:00,8.0,True,False,BOTH,
31,728루4736,봉담차고지,12,True,06:00:00,15:00:00,8.0,True,False,BOTH,
31,728루4736,봉담차고지,13,True,06:00:00,15:00:00,8.0,True,False,BOTH,
31,728루4736,봉담차고지,14,True,06:00:00,15:00:00,8.0,True,False,BOTH,
31,728루4736,봉담차고지,15,True,06:00:00,15:00:00,8.0,True,False,BOTH,
31,728루4736,봉담차고지,16,False,06:00:00,15:00:00,8.0,True,False,BOTH,
31,728루4736,봉담차고지,17,False,06:00:00,15:00:00,8.0,True,False,BOTH,
31,728루4736,봉담차고지,18,False,06:00:00,15:00:00,8.0,True,False,BOTH,
31,728루4736,봉담차고지,19,False,06:00:00,15:00:00,8.0,True,False,BOTH,
31,728루4736,봉담차고지,20,False,06:00:00,15:00:00,8.0,True,False,BOTH,
31,728루4736,봉담차고지,21,False,06:00:00,15:00:00,8.0,True,False,BOTH,
31,728루4736,봉담차고지,22,False,06:00:00,15:00:00,8.0,True,False,BOTH,
31,728루4736,봉담차고지,23,False,06:00:00,15:00:00,8.0,True,False,BOTH,
32,728루4739,,0,False,,,,,,INSIDE_ONLY,병점차고지
32,728루4739,,1,False,,,,,,INSIDE_ONLY,병점차고지
32,728루4739,,2,False,,,,,,INSIDE_ONLY,병점차고지
32,728루4739,,3,False,,,,,,INSIDE_ONLY,병점차고지
32,728루4739,,4,False,,,,,,INSIDE_ONLY,병점차고지
32,728루4739,,5,False,,,,,,INSIDE_ONLY,병점차고지
32,728루4739,,6,False,,,,,,INSIDE_ONLY,병점차고지
32,728루4739,,7,False,,,,,,INSIDE_ONLY,병점차고지
32,728루4739,,8,False,,,,,,INSIDE_ONLY,병점차고지
32,728루4739,,9,False,,,,,,INSIDE_ONLY,병점차고지
32,728루4739,,10,False,,,,,,INSIDE_ONLY,병점차고지
32,728루4739,,11,False,,,,,,INSIDE_ONLY,병점차고지
32,728루4739,,12,False,,,,,,INSIDE_ONLY,병점차고지
32,728루4739,,13,False,,,,,,INSIDE_ONLY,병점차고지
32,728루4739,,14,False,,,,,,INSIDE_ONLY,병점차고지
32,728루4739,,15,False,,,,,,INSIDE_ONLY,병점차고지
32,728루4739,,16,False,,,,,,INSIDE_ONLY,병점차고지
32,728루4739,,17,False,,,,,,INSIDE_ONLY,병점차고지
32,728루4739,,18,False,,,,,,INSIDE_ONLY,병점차고지
32,728루4739,,19,False,,,,,,INSIDE_ONLY,병점차고지
32,728루4739,,20,False,,,,,,INSIDE_ONLY,병점차고지
32,728루4739,,21,False,,,,,,INSIDE_ONLY,병점차고지
32,728루4739,,22,False,,,,,,INSIDE_ONLY,병점차고지
32,728루4739,,23,False,,,,,,INSIDE_ONLY,병점차고지
33,728루4741,,0,False,,,,,,BOTH,병점차고지
33,728루4741,,1,False,,,,,,BOTH,병점차고지
33,728루4741,,2,False,,,,,,BOTH,병점차고지
33,728루4741,,3,False,,,,,,BOTH,병점차고지
33,728루4741,,4,False,,,,,,BOTH,병점차고지
33,728루4741,,5,False,,,,,,BOTH,병점차고지
33,728루4741,,6,False,,,,,,BOTH,병점차고지
33,728루4741,,7,False,,,,,,BOTH,병점차고지
33,728루4741,,8,False,,,,,,BOTH,병점차고지
33,728루4741,,9,False,,,,,,BOTH,병점차고지
33,728루4741,,10,False,,,,,,BOTH,병점차고지
33,728루4741,,11,False,,,,,,BOTH,병점차고지
33,728루4741,,12,False,,,,,,BOTH,병점차고지
33,728루4741,,13,False,,,,,,BOTH,병점차고지
33,728루4741,,14,False,,,,,,BOTH,병점차고지
33,728루4741,,15,False,,,,,,BOTH,병점차고지
33,728루4741,,16,False,,,,,,BOTH,병점차고지
33,728루4741,,17,False,,,,,,BOTH,병점차고지
33,728루4741,,18,False,,,,,,BOTH,병점차고지
33,728루4741,,19,False,,,,,,BOTH,병점차고지
33,728루4741,,20,False,,,,,,BOTH,병점차고지
33,728루4741,,21,False,,,,,,BOTH,병점차고지
33,728루4741,,22,False,,,,,,BOTH,병점차고지
33,728루4741,,23,False,,,,,,BOTH,병점차고지
34,728루4746,,0,False,,,,,,INSIDE_ONLY,봉담차고지
34,728루4746,,1,False,,,,,,INSIDE_ONLY,봉담차고지
34,728루4746,,2,False,,,,,,INSIDE_ONLY,봉담차고지
34,728루4746,,3,False,,,,,,INSIDE_ONLY,봉담차고지
34,728루4746,,4,False,,,,,,INSIDE_ONLY,봉담차고지
34,728루4746,,5,False,,,,,,INSIDE_ONLY,봉담차고지
34,728루4746,,6,False,,,,,,INSIDE_ONLY,봉담차고지
34,728루4746,,7,False,,,,,,INSIDE_ONLY,봉담차고지
34,728루4746,,8,False,,,,,,INSIDE_ONLY,봉담차고지
34,728루4746,,9,False,,,,,,INSIDE_ONLY,봉담차고지
34,728루4746,,10,False,,,,,,INSIDE_ONLY,봉담차고지
34,728루4746,,11,False,,,,,,INSIDE_ONLY,봉담차고지
34,728루4746,,12,False,,,,,,INSIDE_ONLY,봉담차고지
34,728루4746,,13,False,,,,,,INSIDE_ONLY,봉담차고지
34,728루4746,,14,False,,,,,,INSIDE_ONLY,봉담차고지
34,728루4746,,15,False,,,,,,INSIDE_ONLY,봉담차고지
34,728루4746,,16,False,,,,,,INSIDE_ONLY,봉담차고지
34,728루4746,,17,False,,,,,,INSIDE_ONLY,봉담차고지
34,728루4746,,18,False,,,,,,INSIDE_ONLY,봉담차고지
34,728루4746,,19,False,,,,,,INSIDE_ONLY,봉담차고지
34,728루4746,,20,False,,,,,,INSIDE_ONLY,봉담차고지
34,728루4746,,21,False,,,,,,INSIDE_ONLY,봉담차고지
34,728루4746,,22,False,,,,,,INSIDE_ONLY,봉담차고지
34,728루4746,,23,False,,,,,,INSIDE_ONLY,봉담차고지
35,728루4747,향남차고지,0,True,21:00:00,06:00:00,8.0,True,False,INSIDE_ONLY,
35,728루4747,향남차고지,1,False,21:00:00,06:00:00,8.0,True,False,INSIDE_ONLY,
35,728루4747,향남차고지,2,True,21:00:00,06:00:00,8.0,True,False,INSIDE_ONLY,
35,728루4747,향남차고지,3,True,21:00:00,06:00:00,8.0,True,False,INSIDE_ONLY,
35,728루4747,향남차고지,4,True,21:00:00,06:00:00,8.0,True,False,INSIDE_ONLY,
35,728루4747,향남차고지,5,True,21:00:00,06:00:00,8.0,True,False,INSIDE_ONLY,
35,728루4747,향남차고지,6,True,21:00:00,06:00:00,8.0,True,False,INSIDE_ONLY,
35,728루4747,향남차고지,7,False,21:00:00,06:00:00,8.0,True,False,INSIDE_ONLY,
35,728루4747,향남차고지,8,False,21:00:00,06:00:00,8.0,True,False,INSIDE_ONLY,
35,728루4747,향남차고지,9,False,21:00:00,06:00:00,8.0,True,False,INSIDE_ONLY,
35,728루4747,향남차고지,10,False,21:00:00,06:00:00,8.0,True,False,INSIDE_ONLY,
35,728루4747,향남차고지,11,False,21:00:00,06:00:00,8.0,True,False,INSIDE_ONLY,
35,728루4747,향남차고지,12,False,21:00:00,06:00:00,8.0,True,False,INSIDE_ONLY,
35,728루4747,향남차고지,13,False,21:00:00,06:00:00,8.0,True,False,INSIDE_ONLY,
35,728루4747,향남차고지,14,False,21:00:00,06:00:00,8.0,True,False,INSIDE_ONLY,
35,728루4747,향남차고지,15,False,21:00:00,06:00:00,8.0,True,False,INSIDE_ONLY,
35,728루4747,향남차고지,16,False,21:00:00,06:00:00,8.0,True,False,INSIDE_ONLY,
35,728루4747,향남차고지,17,False,21:00:00,06:00:00,8.0,True,False,INSIDE_ONLY,
35,728루4747,향남차고지,18,False,21:00:00,06:00:00,8.0,True,False,INSIDE_ONLY,
35,728루4747,향남차고지,19,False,21:00:00,06:00:00,8.0,True,False,INSIDE_ONLY,
35,728루4747,향남차고지,20,False,21:00:00,06:00:00,8.0,True,False,INSIDE_ONLY,
35,728루4747,향남차고지,21,True,21:00:00,06:00:00,8.0,True,False,INSIDE_ONLY,
35,728루4747,향남차고지,22,True,21:00:00,06:00:00,8.0,True,False,INSIDE_ONLY,
35,728루4747,향남차고지,23,True,21:00:00,06:00:00,8.0,True,False,INSIDE_ONLY,
36,728루4748,향남차고지,0,False,13:00:00,22:00:00,8.0,True,False,BOTH,
36,728루4748,향남차고지,1,False,13:00:00,22:00:00,8.0,True,False,BOTH,
36,728루4748,향남차고지,2,False,13:00:00,22:00:00,8.0,True,False,BOTH,
36,728루4748,향남차고지,3,False,13:00:00,22:00:00,8.0,True,False,BOTH,
36,728루4748,향남차고지,4,False,13:00:00,22:00:00,8.0,True,False,BOTH,
36,728루4748,향남차고지,5,False,13:00:00,22:00:00,8.0,True,False,BOTH,
36,728루4748,향남차고지,6,False,13:00:00,22:00:00,8.0,True,False,BOTH,
36,728루4748,향남차고지,7,False,13:00:00,22:00:00,8.0,True,False,BOTH,
36,728루4748,향남차고지,8,False,13:00:00,22:00:00,8.0,True,False,BOTH,
36,728루4748,향남차고지,9,False,13:00:00,22:00:00,8.0,True,False,BOTH,
36,728루4748,향남차고지,10,False,13:00:00,22:00:00,8.0,True,False,BOTH,
36,728루4748,향남차고지,11,False,13:00:00,22:00:00,8.0,True,False,BOTH,
36,728루4748,향남차고지,12,False,13:00:00,22:00:00,8.0,True,False,BOTH,
36,728루4748,향남차고지,13,True,13:00:00,22:00:00,8.0,True,False,BOTH,
36,728루4748,향남차고지,14,True,13:00:00,22:00:00,8.0,True,False,BOTH,
36,728루4748,향남차고지,15,True,13:00:00,22:00:00,8.0,True,False,BOTH,
36,728루4748,향남차고지,16,True,13:00:00,22:00:00,8.0,True,False,BOTH,
36,728루4748,향남차고지,17,False,13:00:00,22:00:00,8.0,True,False,BOTH,
36,728루4748,향남차고지,18,True,13:00:00,22:00:00,8.0,True,False,BOTH,
36,728루4748,향남차고지,19,True,13:00:00,22:00:00,8.0,True,False,BOTH,
36,728루4748,향남차고지,20,True,13:00:00,22:00:00,8.0,True,False,BOTH,
36,728루4748,향남차고지,21,True,13:00:00,22:00:00,8.0,True,False,BOTH,
36,728루4748,향남차고지,22,True,13:00:00,22:00:00,8.0,True,False,BOTH,
36,728루4748,향남차고지,23,False,13:00:00,22:00:00,8.0,True,False,BOTH,
37,728루4750,,0,False,,,,,,INSIDE_ONLY,병점차고지
37,728루4750,,1,False,,,,,,INSIDE_ONLY,병점차고지
37,728루4750,,2,False,,,,,,INSIDE_ONLY,병점차고지
37,728루4750,,3,False,,,,,,INSIDE_ONLY,병점차고지
37,728루4750,,4,False,,,,,,INSIDE_ONLY,병점차고지
37,728루4750,,5,False,,,,,,INSIDE_ONLY,병점차고지
37,728루4750,,6,False,,,,,,INSIDE_ONLY,병점차고지
37,728루4750,,7,False,,,,,,INSIDE_ONLY,병점차고지
37,728루4750,,8,False,,,,,,INSIDE_ONLY,병점차고지
37,728루4750,,9,False,,,,,,INSIDE_ONLY,병점차고지
37,728루4750,,10,False,,,,,,INSIDE_ONLY,병점차고지
37,728루4750,,11,False,,,,,,INSIDE_ONLY,병점차고지
37,728루4750,,12,False,,,,,,INSIDE_ONLY,병점차고지
37,728루4750,,13,False,,,,,,INSIDE_ONLY,병점차고지
37,728루4750,,14,False,,,,,,INSIDE_ONLY,병점차고지
37,728루4750,,15,False,,,,,,INSIDE_ONLY,병점차고지
37,728루4750,,16,False,,,,,,INSIDE_ONLY,병점차고지
37,728루4750,,17,False,,,,,,INSIDE_ONLY,병점차고지
37,728루4750,,18,False,,,,,,INSIDE_ONLY,병점차고지
37,728루4750,,19,False,,,,,,INSIDE_ONLY,병점차고지
37,728루4750,,20,False,,,,,,INSIDE_ONLY,병점차고지
37,728루4750,,21,False,,,,,,INSIDE_ONLY,병점차고지
37,728루4750,,22,False,,,,,,INSIDE_ONLY,병점차고지
37,728루4750,,23,False,,,,,,INSIDE_ONLY,병점차고지
38,728루4751,병점차고지,0,False,06:00:00,15:00:00,8.0,True,False,BOTH,
38,728루4751,병점차고지,1,False,06:00:00,15:00:00,8.0,True,False,BOTH,
38,728루4751,병점차고지,2,False,06:00:00,15:00:00,8.0,True,False,BOTH,
38,728루4751,병점차고지,3,False,06:00:00,15:00:00,8.0,True,False,BOTH,
38,728루4751,병점차고지,4,False,06:00:00,15:00:00,8.0,True,False,BOTH,
38,728루4751,병점차고지,5,False,06:00:00,15:00:00,8.0,True,False,BOTH,
38,728루4751,병점차고지,6,True,06:00:00,15:00:00,8.0,True,False,BOTH,
38,728루4751,병점차고지,7,True,06:00:00,15:00:00,8.0,True,False,BOTH,
38,728루4751,병점차고지,8,True,06:00:00,15:00:00,8.0,True,False,BOTH,
38,728루4751,병점차고지,9,True,06:00:00,15:00:00,8.0,True,False,BOTH,
38,728루4751,병점차고지,10,True,06:00:00,15:00:00,8.0,True,False,BOTH,
38,728루4751,병점차고지,11,False,06:00:00,15:00:00,8.0,True,False,BOTH,
38,728루4751,병점차고지,12,True,06:00:00,15:00:00,8.0,True,False,BOTH,
38,728루4751,병점차고지,13,True,06:00:00,15:00:00,8.0,True,False,BOTH,
38,728루4751,병점차고지,14,True,06:00:00,15:00:00,8.0,True,False,BOTH,
38,728루4751,병점차고지,15,True,06:00:00,15:00:00,8.0,True,False,BOTH,
38,728루4751,병점차고지,16,False,06:00:00,15:00:00,8.0,True,False,BOTH,
38,728루4751,병점차고지,17,False,06:00:00,15:00:00,8.0,True,False,BOTH,
38,728루4751,병점차고지,18,False,06:00:00,15:00:00,8.0,True,False,BOTH,
38,728루4751,병점차고지,19,False,06:00:00,15:00:00,8.0,True,False,BOTH,
38,728루4751,병점차고지,20,False,06:00:00,15:00:00,8.0,True,False,BOTH,
38,728루4751,병점차고지,21,False,06:00:00,15:00:00,8.0,True,False,BOTH,
38,728루4751,병점차고지,22,False,06:00:00,15:00:00,8.0,True,False,BOTH,
38,728루4751,병점차고지,23,False,06:00:00,15:00:00,8.0,True,False,BOTH,
39,728루4752,향남차고지,0,True,21:00:00,06:00:00,8.0,True,False,INSIDE_ONLY,
39,728루4752,향남차고지,1,False,21:00:00,06:00:00,8.0,True,False,INSIDE_ONLY,
39,728루4752,향남차고지,2,True,21:00:00,06:00:00,8.0,True,False,INSIDE_ONLY,
39,728루4752,향남차고지,3,True,21:00:00,06:00:00,8.0,True,False,INSIDE_ONLY,
39,728루4752,향남차고지,4,True,21:00:00,06:00:00,8.0,True,False,INSIDE_ONLY,
39,728루4752,향남차고지,5,True,21:00:00,06:00:00,8.0,True,False,INSIDE_ONLY,
39,728루4752,향남차고지,6,True,21:00:00,06:00:00,8.0,True,False,INSIDE_ONLY,
39,728루4752,향남차고지,7,False,21:00:00,06:00:00,8.0,True,False,INSIDE_ONLY,
39,728루4752,향남차고지,8,False,21:00:00,06:00:00,8.0,True,False,INSIDE_ONLY,
39,728루4752,향남차고지,9,False,21:00:00,06:00:00,8.0,True,False,INSIDE_ONLY,
39,728루4752,향남차고지,10,False,21:00:00,06:00:00,8.0,True,False,INSIDE_ONLY,
39,728루4752,향남차고지,11,False,21:00:00,06:00:00,8.0,True,False,INSIDE_ONLY,
39,728루4752,향남차고지,12,False,21:00:00,06:00:00,8.0,True,False,INSIDE_ONLY,
39,728루4752,향남차고지,13,False,21:00:00,06:00:00,8.0,True,False,INSIDE_ONLY,
39,728루4752,향남차고지,14,False,21:00:00,06:00:00,8.0,True,False,INSIDE_ONLY,
39,728루4752,향남차고지,15,False,21:00:00,06:00:00,8.0,True,False,INSIDE_ONLY,
39,728루4752,향남차고지,16,False,21:00:00,06:00:00,8.0,True,False,INSIDE_ONLY,
39,728루4752,향남차고지,17,False,21:00:00,06:00:00,8.0,True,False,INSIDE_ONLY,
39,728루4752,향남차고지,18,False,21:00:00,06:00:00,8.0,True,False,INSIDE_ONLY,
39,728루4752,향남차고지,19,False,21:00:00,06:00:00,8.0,True,False,INSIDE_ONLY,
39,728루4752,향남차고지,20,False,21:00:00,06:00:00,8.0,True,False,INSIDE_ONLY,
39,728루4752,향남차고지,21,True,21:00:00,06:00:00,8.0,True,False,INSIDE_ONLY,
39,728루4752,향남차고지,22,True,21:00:00,06:00:00,8.0,True,False,INSIDE_ONLY,
39,728루4752,향남차고지,23,True,21:00:00,06:00:00,8.0,True,False,INSIDE_ONLY,
40,728루4754,봉담차고지,0,False,09:00:00,18:00:00,8.0,True,False,BOTH,
40,728루4754,봉담차고지,1,False,09:00:00,18:00:00,8.0,True,False,BOTH,
40,728루4754,봉담차고지,2,False,09:00:00,18:00:00,8.0,True,False,BOTH,
40,728루4754,봉담차고지,3,False,09:00:00,18:00:00,8.0,True,False,BOTH,
40,728루4754,봉담차고지,4,False,09:00:00,18:00:00,8.0,True,False,BOTH,
40,728루4754,봉담차고지,5,False,09:00:00,18:00:00,8.0,True,False,BOTH,
40,728루4754,봉담차고지,6,False,09:00:00,18:00:00,8.0,True,False,BOTH,
40,728루4754,봉담차고지,7,False,09:00:00,18:00:00,8.0,True,False,BOTH,
40,728루4754,봉담차고지,8,False,09:00:00,18:00:00,8.0,True,False,BOTH,
40,728루4754,봉담차고지,9,True,09:00:00,18:00:00,8.0,True,False,BOTH,
40,728루4754,봉담차고지,10,True,09:00:00,18:00:00,8.0,True,False,BOTH,
40,728루4754,봉담차고지,11,True,09:00:00,18:00:00,8.0,True,False,BOTH,
40,728루4754,봉담차고지,12,True,09:00:00,18:00:00,8.0,True,False,BOTH,
40,728루4754,봉담차고지,13,False,09:00:00,18:00:00,8.0,True,False,BOTH,
40,728루4754,봉담차고지,14,True,09:00:00,18:00:00,8.0,True,False,BOTH,
40,728루4754,봉담차고지,15,True,09:00:00,18:00:00,8.0,True,False,BOTH,
40,728루4754,봉담차고지,16,True,09:00:00,18:00:00,8.0,True,False,BOTH,
40,728루4754,봉담차고지,17,True,09:00:00,18:00:00,8.0,True,False,BOTH,
40,728루4754,봉담차고지,18,True,09:00:00,18:00:00,8.0,True,False,BOTH,
40,728루4754,봉담차고지,19,False,09:00:00,18:00:00,8.0,True,False,BOTH,
40,728루4754,봉담차고지,20,False,09:00:00,18:00:00,8.0,True,False,BOTH,
40,728루4754,봉담차고지,21,False,09:00:00,18:00:00,8.0,True,False,BOTH,
40,728루4754,봉담차고지,22,False,09:00:00,18:00:00,8.0,True,False,BOTH,
40,728루4754,봉담차고지,23,False,09:00:00,18:00:00,8.0,True,False,BOTH,
41,728루4755,,0,False,,,,,,INSIDE_ONLY,남양차고지
41,728루4755,,1,False,,,,,,INSIDE_ONLY,남양차고지
41,728루4755,,2,False,,,,,,INSIDE_ONLY,남양차고지
41,728루4755,,3,False,,,,,,INSIDE_ONLY,남양차고지
41,728루4755,,4,False,,,,,,INSIDE_ONLY,남양차고지
41,728루4755,,5,False,,,,,,INSIDE_ONLY,남양차고지
41,728루4755,,6,False,,,,,,INSIDE_ONLY,남양차고지
41,728루4755,,7,False,,,,,,INSIDE_ONLY,남양차고지
41,728루4755,,8,False,,,,,,INSIDE_ONLY,남양차고지
41,728루4755,,9,False,,,,,,INSIDE_ONLY,남양차고지
41,728루4755,,10,False,,,,,,INSIDE_ONLY,남양차고지
41,728루4755,,11,False,,,,,,INSIDE_ONLY,남양차고지
41,728루4755,,12,False,,,,,,INSIDE_ONLY,남양차고지
41,728루4755,,13,False,,,,,,INSIDE_ONLY,남양차고지
41,728루4755,,14,False,,,,,,INSIDE_ONLY,남양차고지
41,728루4755,,15,False,,,,,,INSIDE_ONLY,남양차고지
41,728루4755,,16,False,,,,,,INSIDE_ONLY,남양차고지
41,728루4755,,17,False,,,,,,INSIDE_ONLY,남양차고지
41,728루4755,,18,False,,,,,,INSIDE_ONLY,남양차고지
41,728루4755,,19,False,,,,,,INSIDE_ONLY,남양차고지
41,728루4755,,20,False,,,,,,INSIDE_ONLY,남양차고지
41,728루4755,,21,False,,,,,,INSIDE_ONLY,남양차고지
41,728루4755,,22,False,,,,,,INSIDE_ONLY,남양차고지
41,728루4755,,23,False,,,,,,INSIDE_ONLY,남양차고지
42,728루4756,,0,False,,,,,,INSIDE_ONLY,병점차고지
42,728루4756,,1,False,,,,,,INSIDE_ONLY,병점차고지
42,728루4756,,2,False,,,,,,INSIDE_ONLY,병점차고지
42,728루4756,,3,False,,,,,,INSIDE_ONLY,병점차고지
42,728루4756,,4,False,,,,,,INSIDE_ONLY,병점차고지
42,728루4756,,5,False,,,,,,INSIDE_ONLY,병점차고지
42,728루4756,,6,False,,,,,,INSIDE_ONLY,병점차고지
42,728루4756,,7,False,,,,,,INSIDE_ONLY,병점차고지
42,728루4756,,8,False,,,,,,INSIDE_ONLY,병점차고지
42,728루4756,,9,False,,,,,,INSIDE_ONLY,병점차고지
42,728루4756,,10,False,,,,,,INSIDE_ONLY,병점차고지
42,728루4756,,11,False,,,,,,INSIDE_ONLY,병점차고지
42,728루4756,,12,False,,,,,,INSIDE_ONLY,병점차고지
42,728루4756,,13,False,,,,,,INSIDE_ONLY,병점차고지
42,728루4756,,14,False,,,,,,INSIDE_ONLY,병점차고지
42,728루4756,,15,False,,,,,,INSIDE_ONLY,병점차고지
42,728루4756,,16,False,,,,,,INSIDE_ONLY,병점차고지
42,728루4756,,17,False,,,,,,INSIDE_ONLY,병점차고지
42,728루4756,,18,False,,,,,,INSIDE_ONLY,병점차고지
42,728루4756,,19,False,,,,,,INSIDE_ONLY,병점차고지
42,728루4756,,20,False,,,,,,INSIDE_ONLY,병점차고지
42,728루4756,,21,False,,,,,,INSIDE_ONLY,병점차고지
42,728루4756,,22,False,,,,,,INSIDE_ONLY,병점차고지
42,728루4756,,23,False,,,,,,INSIDE_ONLY,병점차고지
43,728루4759,,0,False,,,,,,BOTH,향남차고지
43,728루4759,,1,False,,,,,,BOTH,향남차고지
43,728루4759,,2,False,,,,,,BOTH,향남차고지
43,728루4759,,3,False,,,,,,BOTH,향남차고지
43,728루4759,,4,False,,,,,,BOTH,향남차고지
43,728루4759,,5,False,,,,,,BOTH,향남차고지
43,728루4759,,6,False,,,,,,BOTH,향남차고지
43,728루4759,,7,False,,,,,,BOTH,향남차고지
43,728루4759,,8,False,,,,,,BOTH,향남차고지
43,728루4759,,9,False,,,,,,BOTH,향남차고지
43,728루4759,,10,False,,,,,,BOTH,향남차고지
43,728루4759,,11,False,,,,,,BOTH,향남차고지
43,728루4759,,12,False,,,,,,BOTH,향남차고지
43,728루4759,,13,False,,,,,,BOTH,향남차고지
43,728루4759,,14,False,,,,,,BOTH,향남차고지
43,728루4759,,15,False,,,,,,BOTH,향남차고지
43,728루4759,,16,False,,,,,,BOTH,향남차고지
43,728루4759,,17,False,,,,,,BOTH,향남차고지
43,728루4759,,18,False,,,,,,BOTH,향남차고지
43,728루4759,,19,False,,,,,,BOTH,향남차고지
43,728루4759,,20,False,,,,,,BOTH,향남차고지
43,728루4759,,21,False,,,,,,BOTH,향남차고지
43,728루4759,,22,False,,,,,,BOTH,향남차고지
43,728루4759,,23,False,,,,,,BOTH,향남차고지
44,728루4777,동탄차고지,0,False,08:00:00,17:00:00,8.0,True,False,BOTH,
44,728루4777,동탄차고지,1,False,08:00:00,17:00:00,8.0,True,False,BOTH,
44,728루4777,동탄차고지,2,False,08:00:00,17:00:00,8.0,True,False,BOTH,
44,728루4777,동탄차고지,3,False,08:00:00,17:00:00,8.0,True,False,BOTH,
44,728루4777,동탄차고지,4,False,08:00:00,17:00:00,8.0,True,False,BOTH,
44,728루4777,동탄차고지,5,False,08:00:00,17:00:00,8.0,True,False,BOTH,
44,728루4777,동탄차고지,6,False,08:00:00,17:00:00,8.0,True,False,BOTH,
44,728루4777,동탄차고지,7,False,08:00:00,17:00:00,8.0,True,False,BOTH,
44,728루4777,동탄차고지,8,True,08:00:00,17:00:00,8.0,True,False,BOTH,
44,728루4777,동탄차고지,9,True,08:00:00,17:00:00,8.0,True,False,BOTH,
44,728루4777,동탄차고지,10,True,08:00:00,17:00:00,8.0,True,False,BOTH,
44,728루4777,동탄차고지,11,True,08:00:00,17:00:00,8.0,True,False,BOTH,
44,728루4777,동탄차고지,12,True,08:00:00,17:00:00,8.0,True,False,BOTH,
44,728루4777,동탄차고지,13,False,08:00:00,17:00:00,8.0,True,False,BOTH,
44,728루4777,동탄차고지,14,True,08:00:00,17:00:00,8.0,True,False,BOTH,
44,728루4777,동탄차고지,15,True,08:00:00,17:00:00,8.0,True,False,BOTH,
44,728루4777,동탄차고지,16,True,08:00:00,17:00:00,8.0,True,False,BOTH,
44,728루4777,동탄차고지,17,True,08:00:00,17:00:00,8.0,True,False,BOTH,
44,728루4777,동탄차고지,18,False,08:00:00,17:00:00,8.0,True,False,BOTH,
44,728루4777,동탄차고지,19,False,08:00:00,17:00:00,8.0,True,False,BOTH,
44,728루4777,동탄차고지,20,False,08:00:00,17:00:00,8.0,True,False,BOTH,
44,728루4777,동탄차고지,21,False,08:00:00,17:00:00,8.0,True,False,BOTH,
44,728루4777,동탄차고지,22,False,08:00:00,17:00:00,8.0,True,False,BOTH,
44,728루4777,동탄차고지,23,False,08:00:00,17:00:00,8.0,True,False,BOTH,
45,73두0130,,0,False,,,,,,BOTH,병점차고지
45,73두0130,,1,False,,,,,,BOTH,병점차고지
45,73두0130,,2,False,,,,,,BOTH,병점차고지
45,73두0130,,3,False,,,,,,BOTH,병점차고지
45,73두0130,,4,False,,,,,,BOTH,병점차고지
45,73두0130,,5,False,,,,,,BOTH,병점차고지
45,73두0130,,6,False,,,,,,BOTH,병점차고지
45,73두0130,,7,False,,,,,,BOTH,병점차고지
45,73두0130,,8,False,,,,,,BOTH,병점차고지
45,73두0130,,9,False,,,,,,BOTH,병점차고지
45,73두0130,,10,False,,,,,,BOTH,병점차고지
45,73두0130,,11,False,,,,,,BOTH,병점차고지
45,73두0130,,12,False,,,,,,BOTH,병점차고지
45,73두0130,,13,False,,,,,,BOTH,병점차고지
45,73두0130,,14,False,,,,,,BOTH,병점차고지
45,73두0130,,15,False,,,,,,BOTH,병점차고지
45,73두0130,,16,False,,,,,,BOTH,병점차고지
45,73두0130,,17,False,,,,,,BOTH,병점차고지
45,73두0130,,18,False,,,,,,BOTH,병점차고지
45,73두0130,,19,False,,,,,,BOTH,병점차고지
45,73두0130,,20,False,,,,,,BOTH,병점차고지
45,73두0130,,21,False,,,,,,BOTH,병점차고지
45,73두0130,,22,False,,,,,,BOTH,병점차고지
45,73두0130,,23,False,,,,,,BOTH,병점차고지
46,73두0136,,0,False,,,,,,INSIDE_ONLY,동탄차고지
46,73두0136,,1,False,,,,,,INSIDE_ONLY,동탄차고지
46,73두0136,,2,False,,,,,,INSIDE_ONLY,동탄차고지
46,73두0136,,3,False,,,,,,INSIDE_ONLY,동탄차고지
46,73두0136,,4,False,,,,,,INSIDE_ONLY,동탄차고지
46,73두0136,,5,False,,,,,,INSIDE_ONLY,동탄차고지
46,73두0136,,6,False,,,,,,INSIDE_ONLY,동탄차고지
46,73두0136,,7,False,,,,,,INSIDE_ONLY,동탄차고지
46,73두0136,,8,False,,,,,,INSIDE_ONLY,동탄차고지
46,73두0136,,9,False,,,,,,INSIDE_ONLY,동탄차고지
46,73두0136,,10,False,,,,,,INSIDE_ONLY,동탄차고지
46,73두0136,,11,False,,,,,,INSIDE_ONLY,동탄차고지
46,73두0136,,12,False,,,,,,INSIDE_ONLY,동탄차고지
46,73두0136,,13,False,,,,,,INSIDE_ONLY,동탄차고지
46,73두0136,,14,False,,,,,,INSIDE_ONLY,동탄차고지
46,73두0136,,15,False,,,,,,INSIDE_ONLY,동탄차고지
46,73두0136,,16,False,,,,,,INSIDE_ONLY,동탄차고지
46,73두0136,,17,False,,,,,,INSIDE_ONLY,동탄차고지
46,73두0136,,18,False,,,,,,INSIDE_ONLY,동탄차고지
46,73두0136,,19,False,,,,,,INSIDE_ONLY,동탄차고지
46,73두0136,,20,False,,,,,,INSIDE_ONLY,동탄차고지
46,73두0136,,21,False,,,,,,INSIDE_ONLY,동탄차고지
46,73두0136,,22,False,,,,,,INSIDE_ONLY,동탄차고지
46,73두0136,,23,False,,,,,,INSIDE_ONLY,동탄차고지
47,73두0156,,0,False,,,,,,INSIDE_ONLY,향남차고지
47,73두0156,,1,False,,,,,,INSIDE_ONLY,향남차고지
47,73두0156,,2,False,,,,,,INSIDE_ONLY,향남차고지
47,73두0156,,3,False,,,,,,INSIDE_ONLY,향남차고지
47,73두0156,,4,False,,,,,,INSIDE_ONLY,향남차고지
47,73두0156,,5,False,,,,,,INSIDE_ONLY,향남차고지
47,73두0156,,6,False,,,,,,INSIDE_ONLY,향남차고지
47,73두0156,,7,False,,,,,,INSIDE_ONLY,향남차고지
47,73두0156,,8,False,,,,,,INSIDE_ONLY,향남차고지
47,73두0156,,9,False,,,,,,INSIDE_ONLY,향남차고지
47,73두0156,,10,False,,,,,,INSIDE_ONLY,향남차고지
47,73두0156,,11,False,,,,,,INSIDE_ONLY,향남차고지
47,73두0156,,12,False,,,,,,INSIDE_ONLY,향남차고지
47,73두0156,,13,False,,,,,,INSIDE_ONLY,향남차고지
47,73두0156,,14,False,,,,,,INSIDE_ONLY,향남차고지
47,73두0156,,15,False,,,,,,INSIDE_ONLY,향남차고지
47,73두0156,,16,False,,,,,,INSIDE_ONLY,향남차고지
47,73두0156,,17,False,,,,,,INSIDE_ONLY,향남차고지
47,73두0156,,18,False,,,,,,INSIDE_ONLY,향남차고지
47,73두0156,,19,False,,,,,,INSIDE_ONLY,향남차고지
47,73두0156,,20,False,,,,,,INSIDE_ONLY,향남차고지
47,73두0156,,21,False,,,,,,INSIDE_ONLY,향남차고지
47,73두0156,,22,False,,,,,,INSIDE_ONLY,향남차고지
47,73두0156,,23,False,,,,,,INSIDE_ONLY,향남차고지
48,73두0178,,0,False,,,,,,BOTH,향남차고지
48,73두0178,,1,False,,,,,,BOTH,향남차고지
48,73두0178,,2,False,,,,,,BOTH,향남차고지
48,73두0178,,3,False,,,,,,BOTH,향남차고지
48,73두0178,,4,False,,,,,,BOTH,향남차고지
48,73두0178,,5,False,,,,,,BOTH,향남차고지
48,73두0178,,6,False,,,,,,BOTH,향남차고지
48,73두0178,,7,False,,,,,,BOTH,향남차고지
48,73두0178,,8,False,,,,,,BOTH,향남차고지
48,73두0178,,9,False,,,,,,BOTH,향남차고지
48,73두0178,,10,False,,,,,,BOTH,향남차고지
48,73두0178,,11,False,,,,,,BOTH,향남차고지
48,73두0178,,12,False,,,,,,BOTH,향남차고지
48,73두0178,,13,False,,,,,,BOTH,향남차고지
48,73두0178,,14,False,,,,,,BOTH,향남차고지
48,73두0178,,15,False,,,,,,BOTH,향남차고지
48,73두0178,,16,False,,,,,,BOTH,향남차고지
48,73두0178,,17,False,,,,,,BOTH,향남차고지
48,73두0178,,18,False,,,,,,BOTH,향남차고지
48,73두0178,,19,False,,,,,,BOTH,향남차고지
48,73두0178,,20,False,,,,,,BOTH,향남차고지
48,73두0178,,21,False,,,,,,BOTH,향남차고지
48,73두0178,,22,False,,,,,,BOTH,향남차고지
48,73두0178,,23,False,,,,,,BOTH,향남차고지
49,73마2393,,0,False,,,,,,INSIDE_ONLY,향남차고지
49,73마2393,,1,False,,,,,,INSIDE_ONLY,향남차고지
49,73마2393,,2,False,,,,,,INSIDE_ONLY,향남차고지
49,73마2393,,3,False,,,,,,INSIDE_ONLY,향남차고지
49,73마2393,,4,False,,,,,,INSIDE_ONLY,향남차고지
49,73마2393,,5,False,,,,,,INSIDE_ONLY,향남차고지
49,73마2393,,6,False,,,,,,INSIDE_ONLY,향남차고지
49,73마2393,,7,False,,,,,,INSIDE_ONLY,향남차고지
49,73마2393,,8,False,,,,,,INSIDE_ONLY,향남차고지
49,73마2393,,9,False,,,,,,INSIDE_ONLY,향남차고지
49,73마2393,,10,False,,,,,,INSIDE_ONLY,향남차고지
49,73마2393,,11,False,,,,,,INSIDE_ONLY,향남차고지
49,73마2393,,12,False,,,,,,INSIDE_ONLY,향남차고지
49,73마2393,,13,False,,,,,,INSIDE_ONLY,향남차고지
49,73마2393,,14,False,,,,,,INSIDE_ONLY,향남차고지
49,73마2393,,15,False,,,,,,INSIDE_ONLY,향남차고지
49,73마2393,,16,False,,,,,,INSIDE_ONLY,향남차고지
49,73마2393,,17,False,,,,,,INSIDE_ONLY,향남차고지
49,73마2393,,18,False,,,,,,INSIDE_ONLY,향남차고지
49,73마2393,,19,False,,,,,,INSIDE_ONLY,향남차고지
49,73마2393,,20,False,,,,,,INSIDE_ONLY,향남차고지
49,73마2393,,21,False,,,,,,INSIDE_ONLY,향남차고지
49,73마2393,,22,False,,,,,,INSIDE_ONLY,향남차고지
49,73마2393,,23,False,,,,,,INSIDE_ONLY,향남차고지
50,76보5210,향남차고지,0,False,06:00:00,15:00:00,8.0,True,False,BOTH,
50,76보5210,향남차고지,1,False,06:00:00,15:00:00,8.0,True,False,BOTH,
50,76보5210,향남차고지,2,False,06:00:00,15:00:00,8.0,True,False,BOTH,
50,76보5210,향남차고지,3,False,06:00:00,15:00:00,8.0,True,False,BOTH,
50,76보5210,향남차고지,4,False,06:00:00,15:00:00,8.0,True,False,BOTH,
50,76보5210,향남차고지,5,False,06:00:00,15:00:00,8.0,True,False,BOTH,
50,76보5210,향남차고지,6,True,06:00:00,15:00:00,8.0,True,False,BOTH,
50,76보5210,향남차고지,7,True,06:00:00,15:00:00,8.0,True,False,BOTH,
50,76보5210,향남차고지,8,True,06:00:00,15:00:00,8.0,True,False,BOTH,
50,76보5210,향남차고지,9,True,06:00:00,15:00:00,8.0,True,False,BOTH,
50,76보5210,향남차고지,10,True,06:00:00,15:00:00,8.0,True,False,BOTH,
50,76보5210,향남차고지,11,False,06:00:00,15:00:00,8.0,True,False,BOTH,
50,76보5210,향남차고지,12,True,06:00:00,15:00:00,8.0,True,False,BOTH,
50,76보5210,향남차고지,13,True,06:00:00,15:00:00,8.0,True,False,BOTH,
50,76보5210,향남차고지,14,True,06:00:00,15:00:00,8.0,True,False,BOTH,
50,76보5210,향남차고지,15,True,06:00:00,15:00:00,8.0,True,False,BOTH,
50,76보5210,향남차고지,16,False,06:00:00,15:00:00,8.0,True,False,BOTH,
50,76보5210,향남차고지,17,False,06:00:00,15:00:00,8.0,True,False,BOTH,
50,76보5210,향남차고지,18,False,06:00:00,15:00:00,8.0,True,False,BOTH,
50,76보5210,향남차고지,19,False,06:00:00,15:00:00,8.0,True,False,BOTH,
50,76보5210,향남차고지,20,False,06:00:00,15:00:00,8.0,True,False,BOTH,
50,76보5210,향남차고지,21,False,06:00:00,15:00:00,8.0,True,False,BOTH,
50,76보5210,향남차고지,22,False,06:00:00,15:00:00,8.0,True,False,BOTH,
50,76보5210,향남차고지,23,False,06:00:00,15:00:00,8.0,True,False,BOTH,
51,76보5211,향남차고지,0,False,06:00:00,15:00:00,8.0,True,False,INSIDE_ONLY,
51,76보5211,향남차고지,1,False,06:00:00,15:00:00,8.0,True,False,INSIDE_ONLY,
51,76보5211,향남차고지,2,False,06:00:00,15:00:00,8.0,True,False,INSIDE_ONLY,
51,76보5211,향남차고지,3,False,06:00:00,15:00:00,8.0,True,False,INSIDE_ONLY,
51,76보5211,향남차고지,4,False,06:00:00,15:00:00,8.0,True,False,INSIDE_ONLY,
51,76보5211,향남차고지,5,False,06:00:00,15:00:00,8.0,True,False,INSIDE_ONLY,
51,76보5211,향남차고지,6,True,06:00:00,15:00:00,8.0,True,False,INSIDE_ONLY,
51,76보5211,향남차고지,7,True,06:00:00,15:00:00,8.0,True,False,INSIDE_ONLY,
51,76보5211,향남차고지,8,True,06:00:00,15:00:00,8.0,True,False,INSIDE_ONLY,
51,76보5211,향남차고지,9,True,06:00:00,15:00:00,8.0,True,False,INSIDE_ONLY,
51,76보5211,향남차고지,10,True,06:00:00,15:00:00,8.0,True,False,INSIDE_ONLY,
51,76보5211,향남차고지,11,False,06:00:00,15:00:00,8.0,True,False,INSIDE_ONLY,
51,76보5211,향남차고지,12,True,06:00:00,15:00:00,8.0,True,False,INSIDE_ONLY,
51,76보5211,향남차고지,13,True,06:00:00,15:00:00,8.0,True,False,INSIDE_ONLY,
51,76보5211,향남차고지,14,True,06:00:00,15:00:00,8.0,True,False,INSIDE_ONLY,
51,76보5211,향남차고지,15,True,06:00:00,15:00:00,8.0,True,False,INSIDE_ONLY,
51,76보5211,향남차고지,16,False,06:00:00,15:00:00,8.0,True,False,INSIDE_ONLY,
51,76보5211,향남차고지,17,False,06:00:00,15:00:00,8.0,True,False,INSIDE_ONLY,
51,76보5211,향남차고지,18,False,06:00:00,15:00:00,8.0,True,False,INSIDE_ONLY,
51,76보5211,향남차고지,19,False,06:00:00,15:00:00,8.0,True,False,INSIDE_ONLY,
51,76보5211,향남차고지,20,False,06:00:00,15:00:00,8.0,True,False,INSIDE_ONLY,
51,76보5211,향남차고지,21,False,06:00:00,15:00:00,8.0,True,False,INSIDE_ONLY,
51,76보5211,향남차고지,22,False,06:00:00,15:00:00,8.0,True,False,INSIDE_ONLY,
51,76보5211,향남차고지,23,False,06:00:00,15:00:00,8.0,True,False,INSIDE_ONLY,
52,76보5216,,0,False,,,,,,BOTH,동탄차고지
52,76보5216,,1,False,,,,,,BOTH,동탄차고지
52,76보5216,,2,False,,,,,,BOTH,동탄차고지
52,76보5216,,3,False,,,,,,BOTH,동탄차고지
52,76보5216,,4,False,,,,,,BOTH,동탄차고지
52,76보5216,,5,False,,,,,,BOTH,동탄차고지
52,76보5216,,6,False,,,,,,BOTH,동탄차고지
52,76보5216,,7,False,,,,,,BOTH,동탄차고지
52,76보5216,,8,False,,,,,,BOTH,동탄차고지
52,76보5216,,9,False,,,,,,BOTH,동탄차고지
52,76보5216,,10,False,,,,,,BOTH,동탄차고지
52,76보5216,,11,False,,,,,,BOTH,동탄차고지
52,76보5216,,12,False,,,,,,BOTH,동탄차고지
52,76보5216,,13,False,,,,,,BOTH,동탄차고지
52,76보5216,,14,False,,,,,,BOTH,동탄차고지
52,76보5216,,15,False,,,,,,BOTH,동탄차고지
52,76보5216,,16,False,,,,,,BOTH,동탄차고지
52,76보5216,,17,False,,,,,,BOTH,동탄차고지
52,76보5216,,18,False,,,,,,BOTH,동탄차고지
52,76보5216,,19,False,,,,,,BOTH,동탄차고지
52,76보5216,,20,False,,,,,,BOTH,동탄차고지
52,76보5216,,21,False,,,,,,BOTH,동탄차고지
52,76보5216,,22,False,,,,,,BOTH,동탄차고지
52,76보5216,,23,False,,,,,,BOTH,동탄차고지
53,76보5223,,0,False,,,,,,INSIDE_ONLY,병점차고지
53,76보5223,,1,False,,,,,,INSIDE_ONLY,병점차고지
53,76보5223,,2,False,,,,,,INSIDE_ONLY,병점차고지
53,76보5223,,3,False,,,,,,INSIDE_ONLY,병점차고지
53,76보5223,,4,False,,,,,,INSIDE_ONLY,병점차고지
53,76보5223,,5,False,,,,,,INSIDE_ONLY,병점차고지
53,76보5223,,6,False,,,,,,INSIDE_ONLY,병점차고지
53,76보5223,,7,False,,,,,,INSIDE_ONLY,병점차고지
53,76보5223,,8,False,,,,,,INSIDE_ONLY,병점차고지
53,76보5223,,9,False,,,,,,INSIDE_ONLY,병점차고지
53,76보5223,,10,False,,,,,,INSIDE_ONLY,병점차고지
53,76보5223,,11,False,,,,,,INSIDE_ONLY,병점차고지
53,76보5223,,12,False,,,,,,INSIDE_ONLY,병점차고지
53,76보5223,,13,False,,,,,,INSIDE_ONLY,병점차고지
53,76보5223,,14,False,,,,,,INSIDE_ONLY,병점차고지
53,76보5223,,15,False,,,,,,INSIDE_ONLY,병점차고지
53,76보5223,,16,False,,,,,,INSIDE_ONLY,병점차고지
53,76보5223,,17,False,,,,,,INSIDE_ONLY,병점차고지
53,76보5223,,18,False,,,,,,INSIDE_ONLY,병점차고지
53,76보5223,,19,False,,,,,,INSIDE_ONLY,병점차고지
53,76보5223,,20,False,,,,,,INSIDE_ONLY,병점차고지
53,76보5223,,21,False,,,,,,INSIDE_ONLY,병점차고지
53,76보5223,,22,False,,,,,,INSIDE_ONLY,병점차고지
53,76보5223,,23,False,,,,,,INSIDE_ONLY,병점차고지
54,76보5227,,0,False,,,,,,INSIDE_ONLY,봉담차고지
54,76보5227,,1,False,,,,,,INSIDE_ONLY,봉담차고지
54,76보5227,,2,False,,,,,,INSIDE_ONLY,봉담차고지
54,76보5227,,3,False,,,,,,INSIDE_ONLY,봉담차고지
54,76보5227,,4,False,,,,,,INSIDE_ONLY,봉담차고지
54,76보5227,,5,False,,,,,,INSIDE_ONLY,봉담차고지
54,76보5227,,6,False,,,,,,INSIDE_ONLY,봉담차고지
54,76보5227,,7,False,,,,,,INSIDE_ONLY,봉담차고지
54,76보5227,,8,False,,,,,,INSIDE_ONLY,봉담차고지
54,76보5227,,9,False,,,,,,INSIDE_ONLY,봉담차고지
54,76보5227,,10,False,,,,,,INSIDE_ONLY,봉담차고지
54,76보5227,,11,False,,,,,,INSIDE_ONLY,봉담차고지
54,76보5227,,12,False,,,,,,INSIDE_ONLY,봉담차고지
54,76보5227,,13,False,,,,,,INSIDE_ONLY,봉담차고지
54,76보5227,,14,False,,,,,,INSIDE_ONLY,봉담차고지
54,76보5227,,15,False,,,,,,INSIDE_ONLY,봉담차고지
54,76보5227,,16,False,,,,,,INSIDE_ONLY,봉담차고지
54,76보5227,,17,False,,,,,,INSIDE_ONLY,봉담차고지
54,76보5227,,18,False,,,,,,INSIDE_ONLY,봉담차고지
54,76보5227,,19,False,,,,,,INSIDE_ONLY,봉담차고지
54,76보5227,,20,False,,,,,,INSIDE_ONLY,봉담차고지
54,76보5227,,21,False,,,,,,INSIDE_ONLY,봉담차고지
54,76보5227,,22,False,,,,,,INSIDE_ONLY,봉담차고지
54,76보5227,,23,False,,,,,,INSIDE_ONLY,봉담차고지
55,76보5240,,0,False,,,,,,BOTH,병점차고지
55,76보5240,,1,False,,,,,,BOTH,병점차고지
55,76보5240,,2,False,,,,,,BOTH,병점차고지
55,76보5240,,3,False,,,,,,BOTH,병점차고지
55,76보5240,,4,False,,,,,,BOTH,병점차고지
55,76보5240,,5,False,,,,,,BOTH,병점차고지
55,76보5240,,6,False,,,,,,BOTH,병점차고지
55,76보5240,,7,False,,,,,,BOTH,병점차고지
55,76보5240,,8,False,,,,,,BOTH,병점차고지
55,76보5240,,9,False,,,,,,BOTH,병점차고지
55,76보5240,,10,False,,,,,,BOTH,병점차고지
55,76보5240,,11,False,,,,,,BOTH,병점차고지
55,76보5240,,12,False,,,,,,BOTH,병점차고지
55,76보5240,,13,False,,,,,,BOTH,병점차고지
55,76보5240,,14,False,,,,,,BOTH,병점차고지
55,76보5240,,15,False,,,,,,BOTH,병점차고지
55,76보5240,,16,False,,,,,,BOTH,병점차고지
55,76보5240,,17,False,,,,,,BOTH,병점차고지
55,76보5240,,18,False,,,,,,BOTH,병점차고지
55,76보5240,,19,False,,,,,,BOTH,병점차고지
55,76보5240,,20,False,,,,,,BOTH,병점차고지
55,76보5240,,21,False,,,,,,BOTH,병점차고지
55,76보5240,,22,False,,,,,,BOTH,병점차고지
55,76보5240,,23,False,,,,,,BOTH,병점차고지
56,76보5241,병점차고지,0,False,06:00:00,15:00:00,8.0,True,False,INSIDE_ONLY,
56,76보5241,병점차고지,1,False,06:00:00,15:00:00,8.0,True,False,INSIDE_ONLY,
56,76보5241,병점차고지,2,False,06:00:00,15:00:00,8.0,True,False,INSIDE_ONLY,
56,76보5241,병점차고지,3,False,06:00:00,15:00:00,8.0,True,False,INSIDE_ONLY,
56,76보5241,병점차고지,4,False,06:00:00,15:00:00,8.0,True,False,INSIDE_ONLY,
56,76보5241,병점차고지,5,False,06:00:00,15:00:00,8.0,True,False,INSIDE_ONLY,
56,76보5241,병점차고지,6,True,06:00:00,15:00:00,8.0,True,False,INSIDE_ONLY,
56,76보5241,병점차고지,7,True,06:00:00,15:00:00,8.0,True,False,INSIDE_ONLY,
56,76보5241,병점차고지,8,True,06:00:00,15:00:00,8.0,True,False,INSIDE_ONLY,
56,76보5241,병점차고지,9,True,06:00:00,15:00:00,8.0,True,False,INSIDE_ONLY,
56,76보5241,병점차고지,10,True,06:00:00,15:00:00,8.0,True,False,INSIDE_ONLY,
56,76보5241,병점차고지,11,False,06:00:00,15:00:00,8.0,True,False,INSIDE_ONLY,
56,76보5241,병점차고지,12,True,06:00:00,15:00:00,8.0,True,False,INSIDE_ONLY,
56,76보5241,병점차고지,13,True,06:00:00,15:00:00,8.0,True,False,INSIDE_ONLY,
56,76보5241,병점차고지,14,True,06:00:00,15:00:00,8.0,True,False,INSIDE_ONLY,
56,76보5241,병점차고지,15,True,06:00:00,15:00:00,8.0,True,False,INSIDE_ONLY,
56,76보5241,병점차고지,16,False,06:00:00,15:00:00,8.0,True,False,INSIDE_ONLY,
56,76보5241,병점차고지,17,False,06:00:00,15:00:00,8.0,True,False,INSIDE_ONLY,
56,76보5241,병점차고지,18,False,06:00:00,15:00:00,8.0,True,False,INSIDE_ONLY,
56,76보5241,병점차고지,19,False,06:00:00,15:00:00,8.0,True,False,INSIDE_ONLY,
56,76보5241,병점차고지,20,False,06:00:00,15:00:00,8.0,True,False,INSIDE_ONLY,
56,76보5241,병점차고지,21,False,06:00:00,15:00:00,8.0,True,False,INSIDE_ONLY,
56,76보5241,병점차고지,22,False,06:00:00,15:00:00,8.0,True,False,INSIDE_ONLY,
56,76보5241,병점차고지,23,False,06:00:00,15:00:00,8.0,True,False,INSIDE_ONLY,
57,76보5242,,0,False,,,,,,INSIDE_ONLY,동탄차고지
57,76보5242,,1,False,,,,,,INSIDE_ONLY,동탄차고지
57,76보5242,,2,False,,,,,,INSIDE_ONLY,동탄차고지
57,76보5242,,3,False,,,,,,INSIDE_ONLY,동탄차고지
57,76보5242,,4,False,,,,,,INSIDE_ONLY,동탄차고지
57,76보5242,,5,False,,,,,,INSIDE_ONLY,동탄차고지
57,76보5242,,6,False,,,,,,INSIDE_ONLY,동탄차고지
57,76보5242,,7,False,,,,,,INSIDE_ONLY,동탄차고지
57,76보5242,,8,False,,,,,,INSIDE_ONLY,동탄차고지
57,76보5242,,9,False,,,,,,INSIDE_ONLY,동탄차고지
57,76보5242,,10,False,,,,,,INSIDE_ONLY,동탄차고지
57,76보5242,,11,False,,,,,,INSIDE_ONLY,동탄차고지
57,76보5242,,12,False,,,,,,INSIDE_ONLY,동탄차고지
57,76보5242,,13,False,,,,,,INSIDE_ONLY,동탄차고지
57,76보5242,,14,False,,,,,,INSIDE_ONLY,동탄차고지
57,76보5242,,15,False,,,,,,INSIDE_ONLY,동탄차고지
57,76보5242,,16,False,,,,,,INSIDE_ONLY,동탄차고지
57,76보5242,,17,False,,,,,,INSIDE_ONLY,동탄차고지
57,76보5242,,18,False,,,,,,INSIDE_ONLY,동탄차고지
57,76보5242,,19,False,,,,,,INSIDE_ONLY,동탄차고지
57,76보5242,,20,False,,,,,,INSIDE_ONLY,동탄차고지
57,76보5242,,21,False,,,,,,INSIDE_ONLY,동탄차고지
57,76보5242,,22,False,,,,,,INSIDE_ONLY,동탄차고지
57,76보5242,,23,False,,,,,,INSIDE_ONLY,동탄차고지
58,76보5243,동탄차고지,0,False,08:00:00,17:00:00,8.0,True,False,BOTH,
58,76보5243,동탄차고지,1,False,08:00:00,17:00:00,8.0,True,False,BOTH,
58,76보5243,동탄차고지,2,False,08:00:00,17:00:00,8.0,True,False,BOTH,
58,76보5243,동탄차고지,3,False,08:00:00,17:00:00,8.0,True,False,BOTH,
58,76보5243,동탄차고지,4,False,08:00:00,17:00:00,8.0,True,False,BOTH,
58,76보5243,동탄차고지,5,False,08:00:00,17:00:00,8.0,True,False,BOTH,
58,76보5243,동탄차고지,6,False,08:00:00,17:00:00,8.0,True,False,BOTH,
58,76보5243,동탄차고지,7,False,08:00:00,17:00:00,8.0,True,False,BOTH,
58,76보5243,동탄차고지,8,True,08:00:00,17:00:00,8.0,True,False,BOTH,
58,76보5243,동탄차고지,9,True,08:00:00,17:00:00,8.0,True,False,BOTH,
58,76보5243,동탄차고지,10,True,08:00:00,17:00:00,8.0,True,False,BOTH,
58,76보5243,동탄차고지,11,True,08:00:00,17:00:00,8.0,True,False,BOTH,
58,76보5243,동탄차고지,12,False,08:00:00,17:00:00,8.0,True,False,BOTH,
58,76보5243,동탄차고지,13,True,08:00:00,17:00:00,8.0,True,False,BOTH,
58,76보5243,동탄차고지,14,True,08:00:00,17:00:00,8.0,True,False,BOTH,
58,76보5243,동탄차고지,15,True,08:00:00,17:00:00,8.0,True,False,BOTH,
58,76보5243,동탄차고지,16,True,08:00:00,17:00:00,8.0,True,False,BOTH,
58,76보5243,동탄차고지,17,True,08:00:00,17:00:00,8.0,True,False,BOTH,
58,76보5243,동탄차고지,18,False,08:00:00,17:00:00,8.0,True,False,BOTH,
58,76보5243,동탄차고지,19,False,08:00:00,17:00:00,8.0,True,False,BOTH,
58,76보5243,동탄차고지,20,False,08:00:00,17:00:00,8.0,True,False,BOTH,
58,76보5243,동탄차고지,21,False,08:00:00,17:00:00,8.0,True,False,BOTH,
58,76보5243,동탄차고지,22,False,08:00:00,17:00:00,8.0,True,False,BOTH,
58,76보5243,동탄차고지,23,False,08:00:00,17:00:00,8.0,True,False,BOTH,
59,76보5248,,0,False,,,,,,BOTH,향남차고지
59,76보5248,,1,False,,,,,,BOTH,향남차고지
59,76보5248,,2,False,,,,,,BOTH,향남차고지
59,76보5248,,3,False,,,,,,BOTH,향남차고지
59,76보5248,,4,False,,,,,,BOTH,향남차고지
59,76보5248,,5,False,,,,,,BOTH,향남차고지
59,76보5248,,6,False,,,,,,BOTH,향남차고지
59,76보5248,,7,False,,,,,,BOTH,향남차고지
59,76보5248,,8,False,,,,,,BOTH,향남차고지
59,76보5248,,9,False,,,,,,BOTH,향남차고지
59,76보5248,,10,False,,,,,,BOTH,향남차고지
59,76보5248,,11,False,,,,,,BOTH,향남차고지
59,76보5248,,12,False,,,,,,BOTH,향남차고지
59,76보5248,,13,False,,,,,,BOTH,향남차고지
59,76보5248,,14,False,,,,,,BOTH,향남차고지
59,76보5248,,15,False,,,,,,BOTH,향남차고지
59,76보5248,,16,False,,,,,,BOTH,향남차고지
59,76보5248,,17,False,,,,,,BOTH,향남차고지
59,76보5248,,18,False,,,,,,BOTH,향남차고지
59,76보5248,,19,False,,,,,,BOTH,향남차고지
59,76보5248,,20,False,,,,,,BOTH,향남차고지
59,76보5248,,21,False,,,,,,BOTH,향남차고지
59,76보5248,,22,False,,,,,,BOTH,향남차고지
59,76보5248,,23,False,,,,,,BOTH,향남차고지
60,77라9903,병점차고지,0,False,10:00:00,19:00:00,8.0,True,False,BOTH,
60,77라9903,병점차고지,1,False,10:00:00,19:00:00,8.0,True,False,BOTH,
60,77라9903,병점차고지,2,False,10:00:00,19:00:00,8.0,True,False,BOTH,
60,77라9903,병점차고지,3,False,10:00:00,19:00:00,8.0,True,False,BOTH,
60,77라9903,병점차고지,4,False,10:00:00,19:00:00,8.0,True,False,BOTH,
60,77라9903,병점차고지,5,False,10:00:00,19:00:00,8.0,True,False,BOTH,
60,77라9903,병점차고지,6,False,10:00:00,19:00:00,8.0,True,False,BOTH,
60,77라9903,병점차고지,7,False,10:00:00,19:00:00,8.0,True,False,BOTH,
60,77라9903,병점차고지,8,False,10:00:00,19:00:00,8.0,True,False,BOTH,
60,77라9903,병점차고지,9,False,10:00:00,19:00:00,8.0,True,False,BOTH,
60,77라9903,병점차고지,10,True,10:00:00,19:00:00,8.0,True,False,BOTH,
60,77라9903,병점차고지,11,True,10:00:00,19:00:00,8.0,True,False,BOTH,
60,77라9903,병점차고지,12,True,10:00:00,19:00:00,8.0,True,False,BOTH,
60,77라9903,병점차고지,13,True,10:00:00,19:00:00,8.0,True,False,BOTH,
60,77라9903,병점차고지,14,False,10:00:00,19:00:00,8.0,True,False,BOTH,
60,77라9903,병점차고지,15,True,10:00:00,19:00:00,8.0,True,False,BOTH,
60,77라9903,병점차고지,16,True,10:00:00,19:00:00,8.0,True,False,BOTH,
60,77라9903,병점차고지,17,True,10:00:00,19:00:00,8.0,True,False,BOTH,
60,77라9903,병점차고지,18,True,10:00:00,19:00:00,8.0,True,False,BOTH,
60,77라9903,병점차고지,19,True,10:00:00,19:00:00,8.0,True,False,BOTH,
60,77라9903,병점차고지,20,False,10:00:00,19:00:00,8.0,True,False,BOTH,
60,77라9903,병점차고지,21,False,10:00:00,19:00:00,8.0,True,False,BOTH,
60,77라9903,병점차고지,22,False,10:00:00,19:00:00,8.0,True,False,BOTH,
60,77라9903,병점차고지,23,False,10:00:00,19:00:00,8.0,True,False,BOTH,
61,77라9904,,0,False,,,,,,INSIDE_ONLY,병점차고지
61,77라9904,,1,False,,,,,,INSIDE_ONLY,병점차고지
61,77라9904,,2,False,,,,,,INSIDE_ONLY,병점차고지
61,77라9904,,3,False,,,,,,INSIDE_ONLY,병점차고지
61,77라9904,,4,False,,,,,,INSIDE_ONLY,병점차고지
61,77라9904,,5,False,,,,,,INSIDE_ONLY,병점차고지
61,77라9904,,6,False,,,,,,INSIDE_ONLY,병점차고지
61,77라9904,,7,False,,,,,,INSIDE_ONLY,병점차고지
61,77라9904,,8,False,,,,,,INSIDE_ONLY,병점차고지
61,77라9904,,9,False,,,,,,INSIDE_ONLY,병점차고지
61,77라9904,,10,False,,,,,,INSIDE_ONLY,병점차고지
61,77라9904,,11,False,,,,,,INSIDE_ONLY,병점차고지
61,77라9904,,12,False,,,,,,INSIDE_ONLY,병점차고지
61,77라9904,,13,False,,,,,,INSIDE_ONLY,병점차고지
61,77라9904,,14,False,,,,,,INSIDE_ONLY,병점차고지
61,77라9904,,15,False,,,,,,INSIDE_ONLY,병점차고지
61,77라9904,,16,False,,,,,,INSIDE_ONLY,병점차고지
61,77라9904,,17,False,,,,,,INSIDE_ONLY,병점차고지
61,77라9904,,18,False,,,,,,INSIDE_ONLY,병점차고지
61,77라9904,,19,False,,,,,,INSIDE_ONLY,병점차고지
61,77라9904,,20,False,,,,,,INSIDE_ONLY,병점차고지
61,77라9904,,21,False,,,,,,INSIDE_ONLY,병점차고지
61,77라9904,,22,False,,,,,,INSIDE_ONLY,병점차고지
61,77라9904,,23,False,,,,,,INSIDE_ONLY,병점차고지
62,77라9905,향남차고지,0,False,06:00:00,15:00:00,8.0,True,False,INSIDE_ONLY,
62,77라9905,향남차고지,1,False,06:00:00,15:00:00,8.0,True,False,INSIDE_ONLY,
62,77라9905,향남차고지,2,False,06:00:00,15:00:00,8.0,True,False,INSIDE_ONLY,
62,77라9905,향남차고지,3,False,06:00:00,15:00:00,8.0,True,False,INSIDE_ONLY,
62,77라9905,향남차고지,4,False,06:00:00,15:00:00,8.0,True,False,INSIDE_ONLY,
62,77라9905,향남차고지,5,False,06:00:00,15:00:00,8.0,True,False,INSIDE_ONLY,
62,77라9905,향남차고지,6,True,06:00:00,15:00:00,8.0,True,False,INSIDE_ONLY,
62,77라9905,향남차고지,7,True,06:00:00,15:00:00,8.0,True,False,INSIDE_ONLY,
62,77라9905,향남차고지,8,True,06:00:00,15:00:00,8.0,True,False,INSIDE_ONLY,
62,77라9905,향남차고지,9,True,06:00:00,15:00:00,8.0,True,False,INSIDE_ONLY,
62,77라9905,향남차고지,10,True,06:00:00,15:00:00,8.0,True,False,INSIDE_ONLY,
62,77라9905,향남차고지,11,False,06:00:00,15:00:00,8.0,True,False,INSIDE_ONLY,
62,77라9905,향남차고지,12,True,06:00:00,15:00:00,8.0,True,False,INSIDE_ONLY,
62,77라9905,향남차고지,13,True,06:00:00,15:00:00,8.0,True,False,INSIDE_ONLY,
62,77라9905,향남차고지,14,True,06:00:00,15:00:00,8.0,True,False,INSIDE_ONLY,
62,77라9905,향남차고지,15,True,06:00:00,15:00:00,8.0,True,False,INSIDE_ONLY,
62,77라9905,향남차고지,16,False,06:00:00,15:00:00,8.0,True,False,INSIDE_ONLY,
62,77라9905,향남차고지,17,False,06:00:00,15:00:00,8.0,True,False,INSIDE_ONLY,
62,77라9905,향남차고지,18,False,06:00:00,15:00:00,8.0,True,False,INSIDE_ONLY,
62,77라9905,향남차고지,19,False,06:00:00,15:00:00,8.0,True,False,INSIDE_ONLY,
62,77라9905,향남차고지,20,False,06:00:00,15:00:00,8.0,True,False,INSIDE_ONLY,
62,77라9905,향남차고지,21,False,06:00:00,15:00:00,8.0,True,False,INSIDE_ONLY,
62,77라9905,향남차고지,22,False,06:00:00,15:00:00,8.0,True,False,INSIDE_ONLY,
62,77라9905,향남차고지,23,False,06:00:00,15:00:00,8.0,True,False,INSIDE_ONLY,
63,77라9906,향남차고지,0,False,08:00:00,17:00:00,8.0,True,False,BOTH,
63,77라9906,향남차고지,1,False,08:00:00,17:00:00,8.0,True,False,BOTH,
63,77라9906,향남차고지,2,False,08:00:00,17:00:00,8.0,True,False,BOTH,
63,77라9906,향남차고지,3,False,08:00:00,17:00:00,8.0,True,False,BOTH,
63,77라9906,향남차고지,4,False,08:00:00,17:00:00,8.0,True,False,BOTH,
63,77라9906,향남차고지,5,False,08:00:00,17:00:00,8.0,True,False,BOTH,
63,77라9906,향남차고지,6,False,08:00:00,17:00:00,8.0,True,False,BOTH,
63,77라9906,향남차고지,7,False,08:00:00,17:00:00,8.0,True,False,BOTH,
63,77라9906,향남차고지,8,True,08:00:00,17:00:00,8.0,True,False,BOTH,
63,77라9906,향남차고지,9,True,08:00:00,17:00:00,8.0,True,False,BOTH,
63,77라9906,향남차고지,10,True,08:00:00,17:00:00,8.0,True,False,BOTH,
63,77라9906,향남차고지,11,True,08:00:00,17:00:00,8.0,True,False,BOTH,
63,77라9906,향남차고지,12,False,08:00:00,17:00:00,8.0,True,False,BOTH,
63,77라9906,향남차고지,13,True,08:00:00,17:00:00,8.0,True,False,BOTH,
63,77라9906,향남차고지,14,True,08:00:00,17:00:00,8.0,True,False,BOTH,
63,77라9906,향남차고지,15,True,08:00:00,17:00:00,8.0,True,False,BOTH,
63,77라9906,향남차고지,16,True,08:00:00,17:00:00,8.0,True,False,BOTH,
63,77라9906,향남차고지,17,True,08:00:00,17:00:00,8.0,True,False,BOTH,
63,77라9906,향남차고지,18,False,08:00:00,17:00:00,8.0,True,False,BOTH,
63,77라9906,향남차고지,19,False,08:00:00,17:00:00,8.0,True,False,BOTH,
63,77라9906,향남차고지,20,False,08:00:00,17:00:00,8.0,True,False,BOTH,
63,77라9906,향남차고지,21,False,08:00:00,17:00:00,8.0,True,False,BOTH,
63,77라9906,향남차고지,22,False,08:00:00,17:00:00,8.0,True,False,BOTH,
63,77라9906,향남차고지,23,False,08:00:00,17:00:00,8.0,True,False,BOTH,
